Memory Length,4000,
Trigger Level,0.00000e+00,
Source,CH2,
Probe,1.0X,
Vertical Units,V,
Vertical Scale,5.00000e-01,
Vertical Position,-1.46000e+00,
Horizontal Units,S,
Horizontal Scale,2.50000e-04,
Horizontal Position,1.1880000e-02,
Horizontal Mode,Main,
Sampling Period,1.00000e-06,
Firmware,V1.14,
Time, ,
Mode,Detail,
Waveform Data,
9.880000e-3,2.00e-2,
9.881000e-3,2.00e-2,
9.882000e-3,2.00e-2,
9.883000e-3,2.00e-2,
9.884000e-3,2.00e-2,
9.885000e-3,2.00e-2,
9.886000e-3,2.00e-2,
9.887000e-3,4.00e-2,
9.888000e-3,4.00e-2,
9.889000e-3,4.00e-2,
9.890000e-3,4.00e-2,
9.891000e-3,2.00e-2,
9.892000e-3,2.00e-2,
9.893000e-3,4.00e-2,
9.894000e-3,4.00e-2,
9.895000e-3,2.00e-2,
9.896000e-3,2.00e-2,
9.897000e-3,2.00e-2,
9.898000e-3,2.00e-2,
9.899000e-3,2.00e-2,
9.900000e-3,2.00e-2,
9.901000e-3,2.00e-2,
9.902000e-3,2.00e-2,
9.903000e-3,4.00e-2,
9.904000e-3,4.00e-2,
9.905000e-3,4.00e-2,
9.906000e-3,4.00e-2,
9.907000e-3,0.00e+0,
9.908000e-3,0.00e+0,
9.909000e-3,4.00e-2,
9.910000e-3,4.00e-2,
9.911000e-3,2.00e-2,
9.912000e-3,2.00e-2,
9.913000e-3,2.00e-2,
9.914000e-3,2.00e-2,
9.915000e-3,2.00e-2,
9.916000e-3,2.00e-2,
9.917000e-3,2.00e-2,
9.918000e-3,2.00e-2,
9.919000e-3,2.00e-2,
9.920000e-3,2.00e-2,
9.921000e-3,2.00e-2,
9.922000e-3,2.00e-2,
9.923000e-3,0.00e+0,
9.924000e-3,0.00e+0,
9.925000e-3,0.00e+0,
9.926000e-3,0.00e+0,
9.927000e-3,2.00e-2,
9.928000e-3,2.00e-2,
9.929000e-3,2.00e-2,
9.930000e-3,2.00e-2,
9.931000e-3,4.00e-2,
9.932000e-3,4.00e-2,
9.933000e-3,2.00e-2,
9.934000e-3,2.00e-2,
9.935000e-3,2.00e-2,
9.936000e-3,2.00e-2,
9.937000e-3,4.00e-2,
9.938000e-3,4.00e-2,
9.939000e-3,2.00e-2,
9.940000e-3,2.00e-2,
9.941000e-3,2.00e-2,
9.942000e-3,2.00e-2,
9.943000e-3,4.00e-2,
9.944000e-3,4.00e-2,
9.945000e-3,2.00e-2,
9.946000e-3,2.00e-2,
9.947000e-3,2.00e-2,
9.948000e-3,2.00e-2,
9.949000e-3,2.00e-2,
9.950000e-3,2.00e-2,
9.951000e-3,2.00e-2,
9.952000e-3,2.00e-2,
9.953000e-3,2.00e-2,
9.954000e-3,2.00e-2,
9.955000e-3,2.00e-2,
9.956000e-3,2.00e-2,
9.957000e-3,2.00e-2,
9.958000e-3,2.00e-2,
9.959000e-3,2.00e-2,
9.960000e-3,2.00e-2,
9.961000e-3,2.00e-2,
9.962000e-3,2.00e-2,
9.963000e-3,2.00e-2,
9.964000e-3,2.00e-2,
9.965000e-3,2.00e-2,
9.966000e-3,2.00e-2,
9.967000e-3,2.00e-2,
9.968000e-3,2.00e-2,
9.969000e-3,2.00e-2,
9.970000e-3,2.00e-2,
9.971000e-3,0.00e+0,
9.972000e-3,0.00e+0,
9.973000e-3,2.00e-2,
9.974000e-3,2.00e-2,
9.975000e-3,0.00e+0,
9.976000e-3,0.00e+0,
9.977000e-3,4.00e-2,
9.978000e-3,4.00e-2,
9.979000e-3,2.00e-2,
9.980000e-3,2.00e-2,
9.981000e-3,2.00e-2,
9.982000e-3,2.00e-2,
9.983000e-3,2.00e-2,
9.984000e-3,2.00e-2,
9.985000e-3,2.00e-2,
9.986000e-3,2.00e-2,
9.987000e-3,2.00e-2,
9.988000e-3,2.00e-2,
9.989000e-3,2.00e-2,
9.990000e-3,2.00e-2,
9.991000e-3,2.00e-2,
9.992000e-3,2.00e-2,
9.993000e-3,4.00e-2,
9.994000e-3,4.00e-2,
9.995000e-3,4.00e-2,
9.996000e-3,4.00e-2,
9.997000e-3,4.00e-2,
9.998000e-3,4.00e-2,
9.999000e-3,0.00e+0,
1.000000e-2,0.00e+0,
1.000100e-2,2.00e-2,
1.000200e-2,2.00e-2,
1.000300e-2,2.00e-2,
1.000400e-2,2.00e-2,
1.000500e-2,2.00e-2,
1.000600e-2,2.00e-2,
1.000700e-2,2.00e-2,
1.000800e-2,2.00e-2,
1.000900e-2,2.00e-2,
1.001000e-2,2.00e-2,
1.001100e-2,2.00e-2,
1.001200e-2,2.00e-2,
1.001300e-2,0.00e+0,
1.001400e-2,0.00e+0,
1.001500e-2,0.00e+0,
1.001600e-2,0.00e+0,
1.001700e-2,2.00e-2,
1.001800e-2,2.00e-2,
1.001900e-2,0.00e+0,
1.002000e-2,0.00e+0,
1.002100e-2,2.00e-2,
1.002200e-2,2.00e-2,
1.002300e-2,0.00e+0,
1.002400e-2,0.00e+0,
1.002500e-2,2.00e-2,
1.002600e-2,2.00e-2,
1.002700e-2,2.00e-2,
1.002800e-2,2.00e-2,
1.002900e-2,2.00e-2,
1.003000e-2,2.00e-2,
1.003100e-2,2.00e-2,
1.003200e-2,2.00e-2,
1.003300e-2,2.00e-2,
1.003400e-2,2.00e-2,
1.003500e-2,2.00e-2,
1.003600e-2,2.00e-2,
1.003700e-2,0.00e+0,
1.003800e-2,0.00e+0,
1.003900e-2,2.00e-2,
1.004000e-2,2.00e-2,
1.004100e-2,4.00e-2,
1.004200e-2,4.00e-2,
1.004300e-2,4.00e-2,
1.004400e-2,4.00e-2,
1.004500e-2,0.00e+0,
1.004600e-2,0.00e+0,
1.004700e-2,2.00e-2,
1.004800e-2,2.00e-2,
1.004900e-2,2.00e-2,
1.005000e-2,2.00e-2,
1.005100e-2,2.00e-2,
1.005200e-2,2.00e-2,
1.005300e-2,0.00e+0,
1.005400e-2,0.00e+0,
1.005500e-2,2.00e-2,
1.005600e-2,2.00e-2,
1.005700e-2,0.00e+0,
1.005800e-2,0.00e+0,
1.005900e-2,2.00e-2,
1.006000e-2,2.00e-2,
1.006100e-2,0.00e+0,
1.006200e-2,0.00e+0,
1.006300e-2,2.00e-2,
1.006400e-2,2.00e-2,
1.006500e-2,2.00e-2,
1.006600e-2,2.00e-2,
1.006700e-2,4.00e-2,
1.006800e-2,4.00e-2,
1.006900e-2,2.00e-2,
1.007000e-2,2.00e-2,
1.007100e-2,4.00e-2,
1.007200e-2,4.00e-2,
1.007300e-2,2.00e-2,
1.007400e-2,2.00e-2,
1.007500e-2,2.00e-2,
1.007600e-2,2.00e-2,
1.007700e-2,2.00e-2,
1.007800e-2,2.00e-2,
1.007900e-2,2.00e-2,
1.008000e-2,2.00e-2,
1.008100e-2,2.00e-2,
1.008200e-2,2.00e-2,
1.008300e-2,4.00e-2,
1.008400e-2,4.00e-2,
1.008500e-2,2.00e-2,
1.008600e-2,2.00e-2,
1.008700e-2,2.00e-2,
1.008800e-2,2.00e-2,
1.008900e-2,2.00e-2,
1.009000e-2,2.00e-2,
1.009100e-2,2.00e-2,
1.009200e-2,2.00e-2,
1.009300e-2,2.00e-2,
1.009400e-2,2.00e-2,
1.009500e-2,2.00e-2,
1.009600e-2,2.00e-2,
1.009700e-2,2.00e-2,
1.009800e-2,2.00e-2,
1.009900e-2,4.00e-2,
1.010000e-2,4.00e-2,
1.010100e-2,2.00e-2,
1.010200e-2,2.00e-2,
1.010300e-2,2.00e-2,
1.010400e-2,2.00e-2,
1.010500e-2,2.00e-2,
1.010600e-2,2.00e-2,
1.010700e-2,2.00e-2,
1.010800e-2,2.00e-2,
1.010900e-2,2.00e-2,
1.011000e-2,2.00e-2,
1.011100e-2,2.00e-2,
1.011200e-2,2.00e-2,
1.011300e-2,2.00e-2,
1.011400e-2,2.00e-2,
1.011500e-2,4.00e-2,
1.011600e-2,4.00e-2,
1.011700e-2,2.00e-2,
1.011800e-2,2.00e-2,
1.011900e-2,2.00e-2,
1.012000e-2,2.00e-2,
1.012100e-2,2.00e-2,
1.012200e-2,2.00e-2,
1.012300e-2,0.00e+0,
1.012400e-2,0.00e+0,
1.012500e-2,2.00e-2,
1.012600e-2,2.00e-2,
1.012700e-2,2.00e-2,
1.012800e-2,2.00e-2,
1.012900e-2,0.00e+0,
1.013000e-2,0.00e+0,
1.013100e-2,2.00e-2,
1.013200e-2,2.00e-2,
1.013300e-2,2.00e-2,
1.013400e-2,2.00e-2,
1.013500e-2,4.00e-2,
1.013600e-2,4.00e-2,
1.013700e-2,2.00e-2,
1.013800e-2,2.00e-2,
1.013900e-2,4.00e-2,
1.014000e-2,4.00e-2,
1.014100e-2,2.00e-2,
1.014200e-2,2.00e-2,
1.014300e-2,2.00e-2,
1.014400e-2,2.00e-2,
1.014500e-2,4.00e-2,
1.014600e-2,4.00e-2,
1.014700e-2,2.00e-2,
1.014800e-2,2.00e-2,
1.014900e-2,0.00e+0,
1.015000e-2,0.00e+0,
1.015100e-2,2.00e-2,
1.015200e-2,2.00e-2,
1.015300e-2,4.00e-2,
1.015400e-2,4.00e-2,
1.015500e-2,2.00e-2,
1.015600e-2,2.00e-2,
1.015700e-2,2.00e-2,
1.015800e-2,2.00e-2,
1.015900e-2,2.00e-2,
1.016000e-2,2.00e-2,
1.016100e-2,4.00e-2,
1.016200e-2,4.00e-2,
1.016300e-2,0.00e+0,
1.016400e-2,0.00e+0,
1.016500e-2,0.00e+0,
1.016600e-2,0.00e+0,
1.016700e-2,2.00e-2,
1.016800e-2,2.00e-2,
1.016900e-2,4.00e-2,
1.017000e-2,4.00e-2,
1.017100e-2,2.00e-2,
1.017200e-2,2.00e-2,
1.017300e-2,2.00e-2,
1.017400e-2,2.00e-2,
1.017500e-2,2.00e-2,
1.017600e-2,2.00e-2,
1.017700e-2,2.00e-2,
1.017800e-2,2.00e-2,
1.017900e-2,2.00e-2,
1.018000e-2,2.00e-2,
1.018100e-2,2.00e-2,
1.018200e-2,2.00e-2,
1.018300e-2,2.00e-2,
1.018400e-2,2.00e-2,
1.018500e-2,4.00e-2,
1.018600e-2,4.00e-2,
1.018700e-2,2.00e-2,
1.018800e-2,2.00e-2,
1.018900e-2,2.00e-2,
1.019000e-2,2.00e-2,
1.019100e-2,4.00e-2,
1.019200e-2,4.00e-2,
1.019300e-2,2.00e-2,
1.019400e-2,2.00e-2,
1.019500e-2,0.00e+0,
1.019600e-2,0.00e+0,
1.019700e-2,2.00e-2,
1.019800e-2,2.00e-2,
1.019900e-2,0.00e+0,
1.020000e-2,0.00e+0,
1.020100e-2,2.00e-2,
1.020200e-2,2.00e-2,
1.020300e-2,2.00e-2,
1.020400e-2,2.00e-2,
1.020500e-2,2.00e-2,
1.020600e-2,2.00e-2,
1.020700e-2,2.00e-2,
1.020800e-2,2.00e-2,
1.020900e-2,4.00e-2,
1.021000e-2,4.00e-2,
1.021100e-2,2.00e-2,
1.021200e-2,2.00e-2,
1.021300e-2,2.00e-2,
1.021400e-2,2.00e-2,
1.021500e-2,4.00e-2,
1.021600e-2,4.00e-2,
1.021700e-2,2.00e-2,
1.021800e-2,2.00e-2,
1.021900e-2,2.00e-2,
1.022000e-2,2.00e-2,
1.022100e-2,2.00e-2,
1.022200e-2,2.00e-2,
1.022300e-2,0.00e+0,
1.022400e-2,0.00e+0,
1.022500e-2,2.00e-2,
1.022600e-2,2.00e-2,
1.022700e-2,4.00e-2,
1.022800e-2,4.00e-2,
1.022900e-2,0.00e+0,
1.023000e-2,0.00e+0,
1.023100e-2,2.00e-2,
1.023200e-2,2.00e-2,
1.023300e-2,4.00e-2,
1.023400e-2,4.00e-2,
1.023500e-2,0.00e+0,
1.023600e-2,0.00e+0,
1.023700e-2,2.00e-2,
1.023800e-2,2.00e-2,
1.023900e-2,2.00e-2,
1.024000e-2,2.00e-2,
1.024100e-2,4.00e-2,
1.024200e-2,4.00e-2,
1.024300e-2,2.00e-2,
1.024400e-2,2.00e-2,
1.024500e-2,2.00e-2,
1.024600e-2,2.00e-2,
1.024700e-2,2.00e-2,
1.024800e-2,2.00e-2,
1.024900e-2,2.00e-2,
1.025000e-2,2.00e-2,
1.025100e-2,2.00e-2,
1.025200e-2,2.00e-2,
1.025300e-2,2.00e-2,
1.025400e-2,2.00e-2,
1.025500e-2,2.00e-2,
1.025600e-2,2.00e-2,
1.025700e-2,2.00e-2,
1.025800e-2,2.00e-2,
1.025900e-2,4.00e-2,
1.026000e-2,4.00e-2,
1.026100e-2,0.00e+0,
1.026200e-2,0.00e+0,
1.026300e-2,4.00e-2,
1.026400e-2,4.00e-2,
1.026500e-2,2.00e-2,
1.026600e-2,2.00e-2,
1.026700e-2,4.00e-2,
1.026800e-2,4.00e-2,
1.026900e-2,2.00e-2,
1.027000e-2,2.00e-2,
1.027100e-2,2.00e-2,
1.027200e-2,2.00e-2,
1.027300e-2,2.00e-2,
1.027400e-2,2.00e-2,
1.027500e-2,2.00e-2,
1.027600e-2,2.00e-2,
1.027700e-2,4.00e-2,
1.027800e-2,4.00e-2,
1.027900e-2,4.00e-2,
1.028000e-2,4.00e-2,
1.028100e-2,2.00e-2,
1.028200e-2,2.00e-2,
1.028300e-2,2.00e-2,
1.028400e-2,2.00e-2,
1.028500e-2,4.00e-2,
1.028600e-2,4.00e-2,
1.028700e-2,0.00e+0,
1.028800e-2,0.00e+0,
1.028900e-2,4.00e-2,
1.029000e-2,4.00e-2,
1.029100e-2,0.00e+0,
1.029200e-2,0.00e+0,
1.029300e-2,4.00e-2,
1.029400e-2,4.00e-2,
1.029500e-2,0.00e+0,
1.029600e-2,0.00e+0,
1.029700e-2,2.00e-2,
1.029800e-2,2.00e-2,
1.029900e-2,0.00e+0,
1.030000e-2,0.00e+0,
1.030100e-2,2.00e-2,
1.030200e-2,2.00e-2,
1.030300e-2,2.00e-2,
1.030400e-2,2.00e-2,
1.030500e-2,2.00e-2,
1.030600e-2,2.00e-2,
1.030700e-2,2.00e-2,
1.030800e-2,2.00e-2,
1.030900e-2,2.00e-2,
1.031000e-2,2.00e-2,
1.031100e-2,4.00e-2,
1.031200e-2,4.00e-2,
1.031300e-2,2.00e-2,
1.031400e-2,2.00e-2,
1.031500e-2,2.00e-2,
1.031600e-2,2.00e-2,
1.031700e-2,4.00e-2,
1.031800e-2,4.00e-2,
1.031900e-2,2.00e-2,
1.032000e-2,2.00e-2,
1.032100e-2,4.00e-2,
1.032200e-2,4.00e-2,
1.032300e-2,2.00e-2,
1.032400e-2,2.00e-2,
1.032500e-2,2.00e-2,
1.032600e-2,2.00e-2,
1.032700e-2,2.00e-2,
1.032800e-2,2.00e-2,
1.032900e-2,2.00e-2,
1.033000e-2,2.00e-2,
1.033100e-2,4.00e-2,
1.033200e-2,4.00e-2,
1.033300e-2,2.00e-2,
1.033400e-2,2.00e-2,
1.033500e-2,0.00e+0,
1.033600e-2,0.00e+0,
1.033700e-2,2.00e-2,
1.033800e-2,2.00e-2,
1.033900e-2,2.00e-2,
1.034000e-2,2.00e-2,
1.034100e-2,4.00e-2,
1.034200e-2,4.00e-2,
1.034300e-2,0.00e+0,
1.034400e-2,0.00e+0,
1.034500e-2,2.00e-2,
1.034600e-2,2.00e-2,
1.034700e-2,2.00e-2,
1.034800e-2,2.00e-2,
1.034900e-2,2.00e-2,
1.035000e-2,2.00e-2,
1.035100e-2,4.00e-2,
1.035200e-2,4.00e-2,
1.035300e-2,2.00e-2,
1.035400e-2,2.00e-2,
1.035500e-2,4.00e-2,
1.035600e-2,4.00e-2,
1.035700e-2,2.00e-2,
1.035800e-2,2.00e-2,
1.035900e-2,2.00e-2,
1.036000e-2,2.00e-2,
1.036100e-2,2.00e-2,
1.036200e-2,2.00e-2,
1.036300e-2,4.00e-2,
1.036400e-2,4.00e-2,
1.036500e-2,4.00e-2,
1.036600e-2,4.00e-2,
1.036700e-2,2.00e-2,
1.036800e-2,2.00e-2,
1.036900e-2,2.00e-2,
1.037000e-2,2.00e-2,
1.037100e-2,2.00e-2,
1.037200e-2,2.00e-2,
1.037300e-2,2.00e-2,
1.037400e-2,2.00e-2,
1.037500e-2,2.00e-2,
1.037600e-2,2.00e-2,
1.037700e-2,2.00e-2,
1.037800e-2,2.00e-2,
1.037900e-2,2.00e-2,
1.038000e-2,2.00e-2,
1.038100e-2,2.00e-2,
1.038200e-2,2.00e-2,
1.038300e-2,4.00e-2,
1.038400e-2,4.00e-2,
1.038500e-2,2.00e-2,
1.038600e-2,2.00e-2,
1.038700e-2,2.00e-2,
1.038800e-2,2.00e-2,
1.038900e-2,2.00e-2,
1.039000e-2,2.00e-2,
1.039100e-2,0.00e+0,
1.039200e-2,0.00e+0,
1.039300e-2,2.00e-2,
1.039400e-2,2.00e-2,
1.039500e-2,2.00e-2,
1.039600e-2,2.00e-2,
1.039700e-2,2.00e-2,
1.039800e-2,2.00e-2,
1.039900e-2,2.00e-2,
1.040000e-2,2.00e-2,
1.040100e-2,2.00e-2,
1.040200e-2,2.00e-2,
1.040300e-2,2.00e-2,
1.040400e-2,2.00e-2,
1.040500e-2,2.00e-2,
1.040600e-2,2.00e-2,
1.040700e-2,2.00e-2,
1.040800e-2,2.00e-2,
1.040900e-2,0.00e+0,
1.041000e-2,0.00e+0,
1.041100e-2,2.00e-2,
1.041200e-2,2.00e-2,
1.041300e-2,2.00e-2,
1.041400e-2,2.00e-2,
1.041500e-2,2.00e-2,
1.041600e-2,2.00e-2,
1.041700e-2,2.00e-2,
1.041800e-2,2.00e-2,
1.041900e-2,2.00e-2,
1.042000e-2,2.00e-2,
1.042100e-2,2.00e-2,
1.042200e-2,2.00e-2,
1.042300e-2,2.00e-2,
1.042400e-2,2.00e-2,
1.042500e-2,0.00e+0,
1.042600e-2,0.00e+0,
1.042700e-2,2.00e-2,
1.042800e-2,2.00e-2,
1.042900e-2,4.00e-2,
1.043000e-2,4.00e-2,
1.043100e-2,4.00e-2,
1.043200e-2,4.00e-2,
1.043300e-2,2.00e-2,
1.043400e-2,2.00e-2,
1.043500e-2,4.00e-2,
1.043600e-2,4.00e-2,
1.043700e-2,2.00e-2,
1.043800e-2,2.00e-2,
1.043900e-2,2.00e-2,
1.044000e-2,2.00e-2,
1.044100e-2,4.00e-2,
1.044200e-2,4.00e-2,
1.044300e-2,2.00e-2,
1.044400e-2,2.00e-2,
1.044500e-2,2.00e-2,
1.044600e-2,2.00e-2,
1.044700e-2,2.00e-2,
1.044800e-2,2.00e-2,
1.044900e-2,2.00e-2,
1.045000e-2,2.00e-2,
1.045100e-2,4.00e-2,
1.045200e-2,4.00e-2,
1.045300e-2,2.00e-2,
1.045400e-2,2.00e-2,
1.045500e-2,2.00e-2,
1.045600e-2,2.00e-2,
1.045700e-2,4.00e-2,
1.045800e-2,4.00e-2,
1.045900e-2,2.00e-2,
1.046000e-2,2.00e-2,
1.046100e-2,2.00e-2,
1.046200e-2,2.00e-2,
1.046300e-2,2.00e-2,
1.046400e-2,2.00e-2,
1.046500e-2,2.00e-2,
1.046600e-2,2.00e-2,
1.046700e-2,4.00e-2,
1.046800e-2,4.00e-2,
1.046900e-2,2.00e-2,
1.047000e-2,2.00e-2,
1.047100e-2,0.00e+0,
1.047200e-2,0.00e+0,
1.047300e-2,2.00e-2,
1.047400e-2,2.00e-2,
1.047500e-2,2.00e-2,
1.047600e-2,2.00e-2,
1.047700e-2,2.00e-2,
1.047800e-2,2.00e-2,
1.047900e-2,4.00e-2,
1.048000e-2,4.00e-2,
1.048100e-2,2.00e-2,
1.048200e-2,2.00e-2,
1.048300e-2,2.00e-2,
1.048400e-2,2.00e-2,
1.048500e-2,2.00e-2,
1.048600e-2,2.00e-2,
1.048700e-2,2.00e-2,
1.048800e-2,2.00e-2,
1.048900e-2,0.00e+0,
1.049000e-2,0.00e+0,
1.049100e-2,2.00e-2,
1.049200e-2,2.00e-2,
1.049300e-2,4.00e-2,
1.049400e-2,4.00e-2,
1.049500e-2,2.00e-2,
1.049600e-2,2.00e-2,
1.049700e-2,2.00e-2,
1.049800e-2,2.00e-2,
1.049900e-2,2.00e-2,
1.050000e-2,2.00e-2,
1.050100e-2,0.00e+0,
1.050200e-2,0.00e+0,
1.050300e-2,0.00e+0,
1.050400e-2,0.00e+0,
1.050500e-2,4.00e-2,
1.050600e-2,4.00e-2,
1.050700e-2,2.00e-2,
1.050800e-2,2.00e-2,
1.050900e-2,4.00e-2,
1.051000e-2,4.00e-2,
1.051100e-2,2.00e-2,
1.051200e-2,2.00e-2,
1.051300e-2,0.00e+0,
1.051400e-2,0.00e+0,
1.051500e-2,2.00e-2,
1.051600e-2,2.00e-2,
1.051700e-2,0.00e+0,
1.051800e-2,0.00e+0,
1.051900e-2,2.00e-2,
1.052000e-2,2.00e-2,
1.052100e-2,0.00e+0,
1.052200e-2,0.00e+0,
1.052300e-2,2.00e-2,
1.052400e-2,2.00e-2,
1.052500e-2,2.00e-2,
1.052600e-2,2.00e-2,
1.052700e-2,2.00e-2,
1.052800e-2,2.00e-2,
1.052900e-2,2.00e-2,
1.053000e-2,2.00e-2,
1.053100e-2,4.00e-2,
1.053200e-2,4.00e-2,
1.053300e-2,4.00e-2,
1.053400e-2,4.00e-2,
1.053500e-2,2.00e-2,
1.053600e-2,2.00e-2,
1.053700e-2,2.00e-2,
1.053800e-2,2.00e-2,
1.053900e-2,4.00e-2,
1.054000e-2,4.00e-2,
1.054100e-2,0.00e+0,
1.054200e-2,0.00e+0,
1.054300e-2,4.00e-2,
1.054400e-2,4.00e-2,
1.054500e-2,4.00e-2,
1.054600e-2,4.00e-2,
1.054700e-2,2.00e-2,
1.054800e-2,2.00e-2,
1.054900e-2,0.00e+0,
1.055000e-2,0.00e+0,
1.055100e-2,2.00e-2,
1.055200e-2,2.00e-2,
1.055300e-2,2.00e-2,
1.055400e-2,2.00e-2,
1.055500e-2,4.00e-2,
1.055600e-2,4.00e-2,
1.055700e-2,2.00e-2,
1.055800e-2,2.00e-2,
1.055900e-2,2.00e-2,
1.056000e-2,2.00e-2,
1.056100e-2,4.00e-2,
1.056200e-2,4.00e-2,
1.056300e-2,2.00e-2,
1.056400e-2,2.00e-2,
1.056500e-2,2.00e-2,
1.056600e-2,2.00e-2,
1.056700e-2,2.00e-2,
1.056800e-2,2.00e-2,
1.056900e-2,2.00e-2,
1.057000e-2,2.00e-2,
1.057100e-2,4.00e-2,
1.057200e-2,4.00e-2,
1.057300e-2,2.00e-2,
1.057400e-2,2.00e-2,
1.057500e-2,0.00e+0,
1.057600e-2,0.00e+0,
1.057700e-2,2.00e-2,
1.057800e-2,2.00e-2,
1.057900e-2,2.00e-2,
1.058000e-2,2.00e-2,
1.058100e-2,2.00e-2,
1.058200e-2,2.00e-2,
1.058300e-2,2.00e-2,
1.058400e-2,2.00e-2,
1.058500e-2,2.00e-2,
1.058600e-2,2.00e-2,
1.058700e-2,2.00e-2,
1.058800e-2,2.00e-2,
1.058900e-2,4.00e-2,
1.059000e-2,4.00e-2,
1.059100e-2,2.00e-2,
1.059200e-2,2.00e-2,
1.059300e-2,4.00e-2,
1.059400e-2,4.00e-2,
1.059500e-2,2.00e-2,
1.059600e-2,2.00e-2,
1.059700e-2,0.00e+0,
1.059800e-2,0.00e+0,
1.059900e-2,2.00e-2,
1.060000e-2,2.00e-2,
1.060100e-2,2.00e-2,
1.060200e-2,2.00e-2,
1.060300e-2,2.00e-2,
1.060400e-2,2.00e-2,
1.060500e-2,4.00e-2,
1.060600e-2,4.00e-2,
1.060700e-2,2.00e-2,
1.060800e-2,2.00e-2,
1.060900e-2,2.00e-2,
1.061000e-2,2.00e-2,
1.061100e-2,2.00e-2,
1.061200e-2,2.00e-2,
1.061300e-2,2.00e-2,
1.061400e-2,2.00e-2,
1.061500e-2,4.00e-2,
1.061600e-2,4.00e-2,
1.061700e-2,2.00e-2,
1.061800e-2,2.00e-2,
1.061900e-2,2.00e-2,
1.062000e-2,2.00e-2,
1.062100e-2,0.00e+0,
1.062200e-2,0.00e+0,
1.062300e-2,2.00e-2,
1.062400e-2,2.00e-2,
1.062500e-2,2.00e-2,
1.062600e-2,2.00e-2,
1.062700e-2,4.00e-2,
1.062800e-2,4.00e-2,
1.062900e-2,4.00e-2,
1.063000e-2,4.00e-2,
1.063100e-2,4.00e-2,
1.063200e-2,4.00e-2,
1.063300e-2,4.00e-2,
1.063400e-2,4.00e-2,
1.063500e-2,4.00e-2,
1.063600e-2,4.00e-2,
1.063700e-2,2.00e-2,
1.063800e-2,2.00e-2,
1.063900e-2,2.00e-2,
1.064000e-2,2.00e-2,
1.064100e-2,2.00e-2,
1.064200e-2,2.00e-2,
1.064300e-2,4.00e-2,
1.064400e-2,4.00e-2,
1.064500e-2,2.00e-2,
1.064600e-2,2.00e-2,
1.064700e-2,2.00e-2,
1.064800e-2,2.00e-2,
1.064900e-2,2.00e-2,
1.065000e-2,2.00e-2,
1.065100e-2,2.00e-2,
1.065200e-2,2.00e-2,
1.065300e-2,2.00e-2,
1.065400e-2,2.00e-2,
1.065500e-2,2.00e-2,
1.065600e-2,2.00e-2,
1.065700e-2,2.00e-2,
1.065800e-2,2.00e-2,
1.065900e-2,2.00e-2,
1.066000e-2,2.00e-2,
1.066100e-2,2.00e-2,
1.066200e-2,2.00e-2,
1.066300e-2,2.00e-2,
1.066400e-2,2.00e-2,
1.066500e-2,2.00e-2,
1.066600e-2,2.00e-2,
1.066700e-2,4.00e-2,
1.066800e-2,4.00e-2,
1.066900e-2,4.00e-2,
1.067000e-2,4.00e-2,
1.067100e-2,2.00e-2,
1.067200e-2,2.00e-2,
1.067300e-2,2.00e-2,
1.067400e-2,2.00e-2,
1.067500e-2,4.00e-2,
1.067600e-2,4.00e-2,
1.067700e-2,4.00e-2,
1.067800e-2,4.00e-2,
1.067900e-2,2.00e-2,
1.068000e-2,2.00e-2,
1.068100e-2,2.00e-2,
1.068200e-2,2.00e-2,
1.068300e-2,2.00e-2,
1.068400e-2,2.00e-2,
1.068500e-2,2.00e-2,
1.068600e-2,2.00e-2,
1.068700e-2,2.00e-2,
1.068800e-2,2.00e-2,
1.068900e-2,2.00e-2,
1.069000e-2,2.00e-2,
1.069100e-2,4.00e-2,
1.069200e-2,4.00e-2,
1.069300e-2,2.00e-2,
1.069400e-2,2.00e-2,
1.069500e-2,2.00e-2,
1.069600e-2,2.00e-2,
1.069700e-2,4.00e-2,
1.069800e-2,4.00e-2,
1.069900e-2,4.00e-2,
1.070000e-2,4.00e-2,
1.070100e-2,4.00e-2,
1.070200e-2,4.00e-2,
1.070300e-2,2.00e-2,
1.070400e-2,2.00e-2,
1.070500e-2,2.00e-2,
1.070600e-2,2.00e-2,
1.070700e-2,2.00e-2,
1.070800e-2,2.00e-2,
1.070900e-2,2.00e-2,
1.071000e-2,2.00e-2,
1.071100e-2,2.00e-2,
1.071200e-2,2.00e-2,
1.071300e-2,2.00e-2,
1.071400e-2,2.00e-2,
1.071500e-2,4.00e-2,
1.071600e-2,4.00e-2,
1.071700e-2,2.00e-2,
1.071800e-2,2.00e-2,
1.071900e-2,0.00e+0,
1.072000e-2,0.00e+0,
1.072100e-2,4.00e-2,
1.072200e-2,4.00e-2,
1.072300e-2,2.00e-2,
1.072400e-2,2.00e-2,
1.072500e-2,2.00e-2,
1.072600e-2,2.00e-2,
1.072700e-2,2.00e-2,
1.072800e-2,2.00e-2,
1.072900e-2,0.00e+0,
1.073000e-2,0.00e+0,
1.073100e-2,2.00e-2,
1.073200e-2,2.00e-2,
1.073300e-2,4.00e-2,
1.073400e-2,4.00e-2,
1.073500e-2,4.00e-2,
1.073600e-2,4.00e-2,
1.073700e-2,4.00e-2,
1.073800e-2,4.00e-2,
1.073900e-2,4.00e-2,
1.074000e-2,4.00e-2,
1.074100e-2,4.00e-2,
1.074200e-2,4.00e-2,
1.074300e-2,4.00e-2,
1.074400e-2,4.00e-2,
1.074500e-2,4.00e-2,
1.074600e-2,4.00e-2,
1.074700e-2,2.00e-2,
1.074800e-2,2.00e-2,
1.074900e-2,2.00e-2,
1.075000e-2,2.00e-2,
1.075100e-2,2.00e-2,
1.075200e-2,2.00e-2,
1.075300e-2,2.00e-2,
1.075400e-2,2.00e-2,
1.075500e-2,2.00e-2,
1.075600e-2,2.00e-2,
1.075700e-2,4.00e-2,
1.075800e-2,4.00e-2,
1.075900e-2,4.00e-2,
1.076000e-2,4.00e-2,
1.076100e-2,6.00e-2,
1.076200e-2,6.00e-2,
1.076300e-2,2.00e-2,
1.076400e-2,2.00e-2,
1.076500e-2,4.00e-2,
1.076600e-2,4.00e-2,
1.076700e-2,6.00e-2,
1.076800e-2,6.00e-2,
1.076900e-2,4.00e-2,
1.077000e-2,4.00e-2,
1.077100e-2,4.00e-2,
1.077200e-2,4.00e-2,
1.077300e-2,4.00e-2,
1.077400e-2,4.00e-2,
1.077500e-2,4.00e-2,
1.077600e-2,4.00e-2,
1.077700e-2,4.00e-2,
1.077800e-2,4.00e-2,
1.077900e-2,6.00e-2,
1.078000e-2,6.00e-2,
1.078100e-2,8.00e-2,
1.078200e-2,8.00e-2,
1.078300e-2,8.00e-2,
1.078400e-2,8.00e-2,
1.078500e-2,1.40e-1,
1.078600e-2,1.40e-1,
1.078700e-2,2.00e-1,
1.078800e-2,2.00e-1,
1.078900e-2,3.00e-1,
1.079000e-2,3.00e-1,
1.079100e-2,3.80e-1,
1.079200e-2,3.80e-1,
1.079300e-2,5.20e-1,
1.079400e-2,5.20e-1,
1.079500e-2,6.60e-1,
1.079600e-2,9.00e-1,
1.079700e-2,8.80e-1,
1.079800e-2,1.22e+0,
1.079900e-2,1.20e+0,
1.080000e-2,1.46e+0,
1.080100e-2,1.40e+0,
1.080200e-2,1.64e+0,
1.080300e-2,1.62e+0,
1.080400e-2,1.86e+0,
1.080500e-2,1.84e+0,
1.080600e-2,2.16e+0,
1.080700e-2,2.14e+0,
1.080800e-2,2.46e+0,
1.080900e-2,2.44e+0,
1.081000e-2,2.92e+0,
1.081100e-2,2.90e+0,
1.081200e-2,3.12e+0,
1.081300e-2,3.10e+0,
1.081400e-2,3.10e+0,
1.081500e-2,3.12e+0,
1.081600e-2,3.12e+0,
1.081700e-2,2.98e+0,
1.081800e-2,2.98e+0,
1.081900e-2,2.78e+0,
1.082000e-2,2.52e+0,
1.082100e-2,2.52e+0,
1.082200e-2,2.18e+0,
1.082300e-2,2.18e+0,
1.082400e-2,1.58e+0,
1.082500e-2,1.58e+0,
1.082600e-2,1.22e+0,
1.082700e-2,1.24e+0,
1.082800e-2,9.40e-1,
1.082900e-2,9.40e-1,
1.083000e-2,6.20e-1,
1.083100e-2,6.40e-1,
1.083200e-2,6.40e-1,
1.083300e-2,4.80e-1,
1.083400e-2,4.80e-1,
1.083500e-2,3.20e-1,
1.083600e-2,3.20e-1,
1.083700e-2,2.60e-1,
1.083800e-2,2.60e-1,
1.083900e-2,2.00e-1,
1.084000e-2,2.00e-1,
1.084100e-2,1.40e-1,
1.084200e-2,1.40e-1,
1.084300e-2,1.00e-1,
1.084400e-2,1.00e-1,
1.084500e-2,8.00e-2,
1.084600e-2,8.00e-2,
1.084700e-2,8.00e-2,
1.084800e-2,8.00e-2,
1.084900e-2,4.00e-2,
1.085000e-2,4.00e-2,
1.085100e-2,6.00e-2,
1.085200e-2,6.00e-2,
1.085300e-2,6.00e-2,
1.085400e-2,6.00e-2,
1.085500e-2,4.00e-2,
1.085600e-2,4.00e-2,
1.085700e-2,2.00e-2,
1.085800e-2,2.00e-2,
1.085900e-2,4.00e-2,
1.086000e-2,4.00e-2,
1.086100e-2,4.00e-2,
1.086200e-2,4.00e-2,
1.086300e-2,2.00e-2,
1.086400e-2,2.00e-2,
1.086500e-2,4.00e-2,
1.086600e-2,4.00e-2,
1.086700e-2,4.00e-2,
1.086800e-2,4.00e-2,
1.086900e-2,2.00e-2,
1.087000e-2,2.00e-2,
1.087100e-2,4.00e-2,
1.087200e-2,4.00e-2,
1.087300e-2,4.00e-2,
1.087400e-2,4.00e-2,
1.087500e-2,4.00e-2,
1.087600e-2,4.00e-2,
1.087700e-2,4.00e-2,
1.087800e-2,4.00e-2,
1.087900e-2,2.00e-2,
1.088000e-2,2.00e-2,
1.088100e-2,2.00e-2,
1.088200e-2,2.00e-2,
1.088300e-2,4.00e-2,
1.088400e-2,4.00e-2,
1.088500e-2,2.00e-2,
1.088600e-2,2.00e-2,
1.088700e-2,2.00e-2,
1.088800e-2,2.00e-2,
1.088900e-2,2.00e-2,
1.089000e-2,2.00e-2,
1.089100e-2,2.00e-2,
1.089200e-2,2.00e-2,
1.089300e-2,4.00e-2,
1.089400e-2,4.00e-2,
1.089500e-2,2.00e-2,
1.089600e-2,2.00e-2,
1.089700e-2,4.00e-2,
1.089800e-2,4.00e-2,
1.089900e-2,4.00e-2,
1.090000e-2,4.00e-2,
1.090100e-2,2.00e-2,
1.090200e-2,2.00e-2,
1.090300e-2,2.00e-2,
1.090400e-2,2.00e-2,
1.090500e-2,2.00e-2,
1.090600e-2,2.00e-2,
1.090700e-2,2.00e-2,
1.090800e-2,2.00e-2,
1.090900e-2,4.00e-2,
1.091000e-2,4.00e-2,
1.091100e-2,2.00e-2,
1.091200e-2,2.00e-2,
1.091300e-2,2.00e-2,
1.091400e-2,2.00e-2,
1.091500e-2,0.00e+0,
1.091600e-2,0.00e+0,
1.091700e-2,4.00e-2,
1.091800e-2,4.00e-2,
1.091900e-2,4.00e-2,
1.092000e-2,4.00e-2,
1.092100e-2,2.00e-2,
1.092200e-2,2.00e-2,
1.092300e-2,2.00e-2,
1.092400e-2,2.00e-2,
1.092500e-2,2.00e-2,
1.092600e-2,2.00e-2,
1.092700e-2,4.00e-2,
1.092800e-2,4.00e-2,
1.092900e-2,4.00e-2,
1.093000e-2,4.00e-2,
1.093100e-2,2.00e-2,
1.093200e-2,2.00e-2,
1.093300e-2,4.00e-2,
1.093400e-2,4.00e-2,
1.093500e-2,2.00e-2,
1.093600e-2,2.00e-2,
1.093700e-2,2.00e-2,
1.093800e-2,2.00e-2,
1.093900e-2,4.00e-2,
1.094000e-2,4.00e-2,
1.094100e-2,2.00e-2,
1.094200e-2,2.00e-2,
1.094300e-2,2.00e-2,
1.094400e-2,2.00e-2,
1.094500e-2,2.00e-2,
1.094600e-2,2.00e-2,
1.094700e-2,2.00e-2,
1.094800e-2,2.00e-2,
1.094900e-2,4.00e-2,
1.095000e-2,4.00e-2,
1.095100e-2,4.00e-2,
1.095200e-2,4.00e-2,
1.095300e-2,2.00e-2,
1.095400e-2,2.00e-2,
1.095500e-2,2.00e-2,
1.095600e-2,2.00e-2,
1.095700e-2,2.00e-2,
1.095800e-2,2.00e-2,
1.095900e-2,2.00e-2,
1.096000e-2,2.00e-2,
1.096100e-2,2.00e-2,
1.096200e-2,2.00e-2,
1.096300e-2,2.00e-2,
1.096400e-2,2.00e-2,
1.096500e-2,4.00e-2,
1.096600e-2,4.00e-2,
1.096700e-2,2.00e-2,
1.096800e-2,2.00e-2,
1.096900e-2,4.00e-2,
1.097000e-2,4.00e-2,
1.097100e-2,2.00e-2,
1.097200e-2,2.00e-2,
1.097300e-2,4.00e-2,
1.097400e-2,4.00e-2,
1.097500e-2,2.00e-2,
1.097600e-2,2.00e-2,
1.097700e-2,2.00e-2,
1.097800e-2,2.00e-2,
1.097900e-2,2.00e-2,
1.098000e-2,2.00e-2,
1.098100e-2,2.00e-2,
1.098200e-2,2.00e-2,
1.098300e-2,2.00e-2,
1.098400e-2,2.00e-2,
1.098500e-2,2.00e-2,
1.098600e-2,2.00e-2,
1.098700e-2,2.00e-2,
1.098800e-2,2.00e-2,
1.098900e-2,2.00e-2,
1.099000e-2,2.00e-2,
1.099100e-2,2.00e-2,
1.099200e-2,2.00e-2,
1.099300e-2,2.00e-2,
1.099400e-2,2.00e-2,
1.099500e-2,2.00e-2,
1.099600e-2,2.00e-2,
1.099700e-2,4.00e-2,
1.099800e-2,4.00e-2,
1.099900e-2,4.00e-2,
1.100000e-2,4.00e-2,
1.100100e-2,2.00e-2,
1.100200e-2,2.00e-2,
1.100300e-2,2.00e-2,
1.100400e-2,2.00e-2,
1.100500e-2,2.00e-2,
1.100600e-2,2.00e-2,
1.100700e-2,2.00e-2,
1.100800e-2,2.00e-2,
1.100900e-2,2.00e-2,
1.101000e-2,2.00e-2,
1.101100e-2,2.00e-2,
1.101200e-2,2.00e-2,
1.101300e-2,2.00e-2,
1.101400e-2,2.00e-2,
1.101500e-2,2.00e-2,
1.101600e-2,2.00e-2,
1.101700e-2,2.00e-2,
1.101800e-2,2.00e-2,
1.101900e-2,2.00e-2,
1.102000e-2,2.00e-2,
1.102100e-2,0.00e+0,
1.102200e-2,0.00e+0,
1.102300e-2,2.00e-2,
1.102400e-2,2.00e-2,
1.102500e-2,0.00e+0,
1.102600e-2,0.00e+0,
1.102700e-2,4.00e-2,
1.102800e-2,4.00e-2,
1.102900e-2,2.00e-2,
1.103000e-2,2.00e-2,
1.103100e-2,2.00e-2,
1.103200e-2,2.00e-2,
1.103300e-2,2.00e-2,
1.103400e-2,2.00e-2,
1.103500e-2,2.00e-2,
1.103600e-2,2.00e-2,
1.103700e-2,2.00e-2,
1.103800e-2,2.00e-2,
1.103900e-2,2.00e-2,
1.104000e-2,2.00e-2,
1.104100e-2,2.00e-2,
1.104200e-2,2.00e-2,
1.104300e-2,0.00e+0,
1.104400e-2,0.00e+0,
1.104500e-2,2.00e-2,
1.104600e-2,2.00e-2,
1.104700e-2,0.00e+0,
1.104800e-2,0.00e+0,
1.104900e-2,4.00e-2,
1.105000e-2,4.00e-2,
1.105100e-2,4.00e-2,
1.105200e-2,4.00e-2,
1.105300e-2,4.00e-2,
1.105400e-2,4.00e-2,
1.105500e-2,2.00e-2,
1.105600e-2,2.00e-2,
1.105700e-2,2.00e-2,
1.105800e-2,2.00e-2,
1.105900e-2,2.00e-2,
1.106000e-2,2.00e-2,
1.106100e-2,4.00e-2,
1.106200e-2,4.00e-2,
1.106300e-2,2.00e-2,
1.106400e-2,2.00e-2,
1.106500e-2,2.00e-2,
1.106600e-2,2.00e-2,
1.106700e-2,2.00e-2,
1.106800e-2,2.00e-2,
1.106900e-2,4.00e-2,
1.107000e-2,4.00e-2,
1.107100e-2,2.00e-2,
1.107200e-2,2.00e-2,
1.107300e-2,4.00e-2,
1.107400e-2,4.00e-2,
1.107500e-2,2.00e-2,
1.107600e-2,2.00e-2,
1.107700e-2,4.00e-2,
1.107800e-2,4.00e-2,
1.107900e-2,0.00e+0,
1.108000e-2,0.00e+0,
1.108100e-2,2.00e-2,
1.108200e-2,2.00e-2,
1.108300e-2,4.00e-2,
1.108400e-2,4.00e-2,
1.108500e-2,4.00e-2,
1.108600e-2,4.00e-2,
1.108700e-2,2.00e-2,
1.108800e-2,2.00e-2,
1.108900e-2,4.00e-2,
1.109000e-2,4.00e-2,
1.109100e-2,2.00e-2,
1.109200e-2,2.00e-2,
1.109300e-2,2.00e-2,
1.109400e-2,2.00e-2,
1.109500e-2,2.00e-2,
1.109600e-2,2.00e-2,
1.109700e-2,0.00e+0,
1.109800e-2,0.00e+0,
1.109900e-2,2.00e-2,
1.110000e-2,2.00e-2,
1.110100e-2,0.00e+0,
1.110200e-2,0.00e+0,
1.110300e-2,2.00e-2,
1.110400e-2,2.00e-2,
1.110500e-2,2.00e-2,
1.110600e-2,2.00e-2,
1.110700e-2,0.00e+0,
1.110800e-2,0.00e+0,
1.110900e-2,4.00e-2,
1.111000e-2,4.00e-2,
1.111100e-2,2.00e-2,
1.111200e-2,2.00e-2,
1.111300e-2,2.00e-2,
1.111400e-2,2.00e-2,
1.111500e-2,4.00e-2,
1.111600e-2,4.00e-2,
1.111700e-2,2.00e-2,
1.111800e-2,2.00e-2,
1.111900e-2,0.00e+0,
1.112000e-2,0.00e+0,
1.112100e-2,4.00e-2,
1.112200e-2,4.00e-2,
1.112300e-2,4.00e-2,
1.112400e-2,4.00e-2,
1.112500e-2,0.00e+0,
1.112600e-2,0.00e+0,
1.112700e-2,0.00e+0,
1.112800e-2,0.00e+0,
1.112900e-2,2.00e-2,
1.113000e-2,2.00e-2,
1.113100e-2,4.00e-2,
1.113200e-2,4.00e-2,
1.113300e-2,2.00e-2,
1.113400e-2,2.00e-2,
1.113500e-2,2.00e-2,
1.113600e-2,2.00e-2,
1.113700e-2,4.00e-2,
1.113800e-2,4.00e-2,
1.113900e-2,2.00e-2,
1.114000e-2,2.00e-2,
1.114100e-2,2.00e-2,
1.114200e-2,2.00e-2,
1.114300e-2,2.00e-2,
1.114400e-2,2.00e-2,
1.114500e-2,4.00e-2,
1.114600e-2,4.00e-2,
1.114700e-2,2.00e-2,
1.114800e-2,2.00e-2,
1.114900e-2,2.00e-2,
1.115000e-2,2.00e-2,
1.115100e-2,2.00e-2,
1.115200e-2,2.00e-2,
1.115300e-2,2.00e-2,
1.115400e-2,2.00e-2,
1.115500e-2,0.00e+0,
1.115600e-2,0.00e+0,
1.115700e-2,4.00e-2,
1.115800e-2,4.00e-2,
1.115900e-2,2.00e-2,
1.116000e-2,2.00e-2,
1.116100e-2,2.00e-2,
1.116200e-2,2.00e-2,
1.116300e-2,4.00e-2,
1.116400e-2,4.00e-2,
1.116500e-2,4.00e-2,
1.116600e-2,4.00e-2,
1.116700e-2,2.00e-2,
1.116800e-2,2.00e-2,
1.116900e-2,4.00e-2,
1.117000e-2,4.00e-2,
1.117100e-2,4.00e-2,
1.117200e-2,4.00e-2,
1.117300e-2,4.00e-2,
1.117400e-2,4.00e-2,
1.117500e-2,6.00e-2,
1.117600e-2,6.00e-2,
1.117700e-2,6.00e-2,
1.117800e-2,6.00e-2,
1.117900e-2,6.00e-2,
1.118000e-2,6.00e-2,
1.118100e-2,1.00e-1,
1.118200e-2,1.00e-1,
1.118300e-2,1.00e-1,
1.118400e-2,1.00e-1,
1.118500e-2,1.40e-1,
1.118600e-2,1.40e-1,
1.118700e-2,2.00e-1,
1.118800e-2,2.00e-1,
1.118900e-2,2.20e-1,
1.119000e-2,2.20e-1,
1.119100e-2,3.40e-1,
1.119200e-2,3.40e-1,
1.119300e-2,4.00e-1,
1.119400e-2,4.00e-1,
1.119500e-2,5.00e-1,
1.119600e-2,5.00e-1,
1.119700e-2,6.20e-1,
1.119800e-2,6.20e-1,
1.119900e-2,7.80e-1,
1.120000e-2,7.80e-1,
1.120100e-2,9.20e-1,
1.120200e-2,1.34e+0,
1.120300e-2,1.32e+0,
1.120400e-2,1.62e+0,
1.120500e-2,1.62e+0,
1.120600e-2,1.84e+0,
1.120700e-2,1.84e+0,
1.120800e-2,1.84e+0,
1.120900e-2,2.02e+0,
1.121000e-2,2.34e+0,
1.121100e-2,2.36e+0,
1.121200e-2,2.66e+0,
1.121300e-2,2.62e+0,
1.121400e-2,2.90e+0,
1.121500e-2,2.86e+0,
1.121600e-2,3.08e+0,
1.121700e-2,3.06e+0,
1.121800e-2,3.06e+0,
1.121900e-2,3.08e+0,
1.122000e-2,3.08e+0,
1.122100e-2,3.08e+0,
1.122200e-2,2.86e+0,
1.122300e-2,2.90e+0,
1.122400e-2,2.68e+0,
1.122500e-2,2.70e+0,
1.122600e-2,2.44e+0,
1.122700e-2,2.46e+0,
1.122800e-2,2.24e+0,
1.122900e-2,2.26e+0,
1.123000e-2,2.02e+0,
1.123100e-2,2.06e+0,
1.123200e-2,2.06e+0,
1.123300e-2,1.94e+0,
1.123400e-2,1.70e+0,
1.123500e-2,1.74e+0,
1.123600e-2,1.50e+0,
1.123700e-2,1.52e+0,
1.123800e-2,1.20e+0,
1.123900e-2,1.20e+0,
1.124000e-2,1.20e+0,
1.124100e-2,1.00e+0,
1.124200e-2,1.00e+0,
1.124300e-2,8.60e-1,
1.124400e-2,8.60e-1,
1.124500e-2,7.20e-1,
1.124600e-2,7.20e-1,
1.124700e-2,6.00e-1,
1.124800e-2,6.00e-1,
1.124900e-2,5.20e-1,
1.125000e-2,5.20e-1,
1.125100e-2,4.20e-1,
1.125200e-2,4.20e-1,
1.125300e-2,3.20e-1,
1.125400e-2,3.20e-1,
1.125500e-2,2.20e-1,
1.125600e-2,2.20e-1,
1.125700e-2,1.40e-1,
1.125800e-2,1.40e-1,
1.125900e-2,1.40e-1,
1.126000e-2,1.40e-1,
1.126100e-2,1.20e-1,
1.126200e-2,1.20e-1,
1.126300e-2,1.00e-1,
1.126400e-2,1.00e-1,
1.126500e-2,6.00e-2,
1.126600e-2,6.00e-2,
1.126700e-2,6.00e-2,
1.126800e-2,6.00e-2,
1.126900e-2,4.00e-2,
1.127000e-2,4.00e-2,
1.127100e-2,6.00e-2,
1.127200e-2,6.00e-2,
1.127300e-2,4.00e-2,
1.127400e-2,4.00e-2,
1.127500e-2,4.00e-2,
1.127600e-2,4.00e-2,
1.127700e-2,4.00e-2,
1.127800e-2,4.00e-2,
1.127900e-2,4.00e-2,
1.128000e-2,4.00e-2,
1.128100e-2,4.00e-2,
1.128200e-2,4.00e-2,
1.128300e-2,4.00e-2,
1.128400e-2,4.00e-2,
1.128500e-2,4.00e-2,
1.128600e-2,4.00e-2,
1.128700e-2,2.00e-2,
1.128800e-2,2.00e-2,
1.128900e-2,4.00e-2,
1.129000e-2,4.00e-2,
1.129100e-2,2.00e-2,
1.129200e-2,2.00e-2,
1.129300e-2,4.00e-2,
1.129400e-2,4.00e-2,
1.129500e-2,4.00e-2,
1.129600e-2,4.00e-2,
1.129700e-2,4.00e-2,
1.129800e-2,4.00e-2,
1.129900e-2,2.00e-2,
1.130000e-2,2.00e-2,
1.130100e-2,4.00e-2,
1.130200e-2,4.00e-2,
1.130300e-2,4.00e-2,
1.130400e-2,4.00e-2,
1.130500e-2,4.00e-2,
1.130600e-2,4.00e-2,
1.130700e-2,4.00e-2,
1.130800e-2,4.00e-2,
1.130900e-2,2.00e-2,
1.131000e-2,2.00e-2,
1.131100e-2,4.00e-2,
1.131200e-2,4.00e-2,
1.131300e-2,2.00e-2,
1.131400e-2,2.00e-2,
1.131500e-2,4.00e-2,
1.131600e-2,4.00e-2,
1.131700e-2,4.00e-2,
1.131800e-2,4.00e-2,
1.131900e-2,2.00e-2,
1.132000e-2,2.00e-2,
1.132100e-2,4.00e-2,
1.132200e-2,4.00e-2,
1.132300e-2,4.00e-2,
1.132400e-2,4.00e-2,
1.132500e-2,2.00e-2,
1.132600e-2,2.00e-2,
1.132700e-2,2.00e-2,
1.132800e-2,2.00e-2,
1.132900e-2,4.00e-2,
1.133000e-2,4.00e-2,
1.133100e-2,2.00e-2,
1.133200e-2,2.00e-2,
1.133300e-2,2.00e-2,
1.133400e-2,2.00e-2,
1.133500e-2,4.00e-2,
1.133600e-2,4.00e-2,
1.133700e-2,2.00e-2,
1.133800e-2,2.00e-2,
1.133900e-2,2.00e-2,
1.134000e-2,2.00e-2,
1.134100e-2,2.00e-2,
1.134200e-2,2.00e-2,
1.134300e-2,4.00e-2,
1.134400e-2,4.00e-2,
1.134500e-2,4.00e-2,
1.134600e-2,4.00e-2,
1.134700e-2,2.00e-2,
1.134800e-2,2.00e-2,
1.134900e-2,2.00e-2,
1.135000e-2,2.00e-2,
1.135100e-2,2.00e-2,
1.135200e-2,2.00e-2,
1.135300e-2,2.00e-2,
1.135400e-2,2.00e-2,
1.135500e-2,2.00e-2,
1.135600e-2,2.00e-2,
1.135700e-2,2.00e-2,
1.135800e-2,2.00e-2,
1.135900e-2,2.00e-2,
1.136000e-2,2.00e-2,
1.136100e-2,2.00e-2,
1.136200e-2,2.00e-2,
1.136300e-2,2.00e-2,
1.136400e-2,2.00e-2,
1.136500e-2,2.00e-2,
1.136600e-2,2.00e-2,
1.136700e-2,2.00e-2,
1.136800e-2,2.00e-2,
1.136900e-2,2.00e-2,
1.137000e-2,2.00e-2,
1.137100e-2,2.00e-2,
1.137200e-2,2.00e-2,
1.137300e-2,2.00e-2,
1.137400e-2,2.00e-2,
1.137500e-2,4.00e-2,
1.137600e-2,4.00e-2,
1.137700e-2,2.00e-2,
1.137800e-2,2.00e-2,
1.137900e-2,2.00e-2,
1.138000e-2,2.00e-2,
1.138100e-2,0.00e+0,
1.138200e-2,0.00e+0,
1.138300e-2,2.00e-2,
1.138400e-2,2.00e-2,
1.138500e-2,2.00e-2,
1.138600e-2,2.00e-2,
1.138700e-2,2.00e-2,
1.138800e-2,2.00e-2,
1.138900e-2,2.00e-2,
1.139000e-2,2.00e-2,
1.139100e-2,0.00e+0,
1.139200e-2,0.00e+0,
1.139300e-2,2.00e-2,
1.139400e-2,2.00e-2,
1.139500e-2,2.00e-2,
1.139600e-2,2.00e-2,
1.139700e-2,2.00e-2,
1.139800e-2,2.00e-2,
1.139900e-2,0.00e+0,
1.140000e-2,0.00e+0,
1.140100e-2,2.00e-2,
1.140200e-2,2.00e-2,
1.140300e-2,4.00e-2,
1.140400e-2,4.00e-2,
1.140500e-2,0.00e+0,
1.140600e-2,0.00e+0,
1.140700e-2,2.00e-2,
1.140800e-2,2.00e-2,
1.140900e-2,2.00e-2,
1.141000e-2,2.00e-2,
1.141100e-2,2.00e-2,
1.141200e-2,2.00e-2,
1.141300e-2,2.00e-2,
1.141400e-2,2.00e-2,
1.141500e-2,2.00e-2,
1.141600e-2,2.00e-2,
1.141700e-2,2.00e-2,
1.141800e-2,2.00e-2,
1.141900e-2,2.00e-2,
1.142000e-2,2.00e-2,
1.142100e-2,4.00e-2,
1.142200e-2,4.00e-2,
1.142300e-2,2.00e-2,
1.142400e-2,2.00e-2,
1.142500e-2,2.00e-2,
1.142600e-2,2.00e-2,
1.142700e-2,2.00e-2,
1.142800e-2,2.00e-2,
1.142900e-2,0.00e+0,
1.143000e-2,0.00e+0,
1.143100e-2,2.00e-2,
1.143200e-2,2.00e-2,
1.143300e-2,4.00e-2,
1.143400e-2,4.00e-2,
1.143500e-2,2.00e-2,
1.143600e-2,2.00e-2,
1.143700e-2,0.00e+0,
1.143800e-2,0.00e+0,
1.143900e-2,2.00e-2,
1.144000e-2,2.00e-2,
1.144100e-2,2.00e-2,
1.144200e-2,2.00e-2,
1.144300e-2,2.00e-2,
1.144400e-2,2.00e-2,
1.144500e-2,2.00e-2,
1.144600e-2,2.00e-2,
1.144700e-2,4.00e-2,
1.144800e-2,4.00e-2,
1.144900e-2,0.00e+0,
1.145000e-2,0.00e+0,
1.145100e-2,2.00e-2,
1.145200e-2,2.00e-2,
1.145300e-2,4.00e-2,
1.145400e-2,4.00e-2,
1.145500e-2,4.00e-2,
1.145600e-2,4.00e-2,
1.145700e-2,2.00e-2,
1.145800e-2,2.00e-2,
1.145900e-2,2.00e-2,
1.146000e-2,2.00e-2,
1.146100e-2,2.00e-2,
1.146200e-2,2.00e-2,
1.146300e-2,2.00e-2,
1.146400e-2,2.00e-2,
1.146500e-2,0.00e+0,
1.146600e-2,0.00e+0,
1.146700e-2,2.00e-2,
1.146800e-2,2.00e-2,
1.146900e-2,2.00e-2,
1.147000e-2,2.00e-2,
1.147100e-2,2.00e-2,
1.147200e-2,2.00e-2,
1.147300e-2,2.00e-2,
1.147400e-2,2.00e-2,
1.147500e-2,4.00e-2,
1.147600e-2,4.00e-2,
1.147700e-2,2.00e-2,
1.147800e-2,2.00e-2,
1.147900e-2,2.00e-2,
1.148000e-2,2.00e-2,
1.148100e-2,0.00e+0,
1.148200e-2,0.00e+0,
1.148300e-2,2.00e-2,
1.148400e-2,2.00e-2,
1.148500e-2,2.00e-2,
1.148600e-2,2.00e-2,
1.148700e-2,2.00e-2,
1.148800e-2,2.00e-2,
1.148900e-2,0.00e+0,
1.149000e-2,0.00e+0,
1.149100e-2,0.00e+0,
1.149200e-2,0.00e+0,
1.149300e-2,4.00e-2,
1.149400e-2,4.00e-2,
1.149500e-2,2.00e-2,
1.149600e-2,2.00e-2,
1.149700e-2,2.00e-2,
1.149800e-2,2.00e-2,
1.149900e-2,0.00e+0,
1.150000e-2,0.00e+0,
1.150100e-2,2.00e-2,
1.150200e-2,2.00e-2,
1.150300e-2,4.00e-2,
1.150400e-2,4.00e-2,
1.150500e-2,2.00e-2,
1.150600e-2,2.00e-2,
1.150700e-2,0.00e+0,
1.150800e-2,0.00e+0,
1.150900e-2,2.00e-2,
1.151000e-2,2.00e-2,
1.151100e-2,2.00e-2,
1.151200e-2,2.00e-2,
1.151300e-2,2.00e-2,
1.151400e-2,2.00e-2,
1.151500e-2,2.00e-2,
1.151600e-2,2.00e-2,
1.151700e-2,0.00e+0,
1.151800e-2,0.00e+0,
1.151900e-2,0.00e+0,
1.152000e-2,0.00e+0,
1.152100e-2,0.00e+0,
1.152200e-2,0.00e+0,
1.152300e-2,0.00e+0,
1.152400e-2,0.00e+0,
1.152500e-2,0.00e+0,
1.152600e-2,0.00e+0,
1.152700e-2,2.00e-2,
1.152800e-2,2.00e-2,
1.152900e-2,2.00e-2,
1.153000e-2,2.00e-2,
1.153100e-2,2.00e-2,
1.153200e-2,2.00e-2,
1.153300e-2,2.00e-2,
1.153400e-2,2.00e-2,
1.153500e-2,2.00e-2,
1.153600e-2,2.00e-2,
1.153700e-2,2.00e-2,
1.153800e-2,2.00e-2,
1.153900e-2,2.00e-2,
1.154000e-2,2.00e-2,
1.154100e-2,2.00e-2,
1.154200e-2,2.00e-2,
1.154300e-2,2.00e-2,
1.154400e-2,2.00e-2,
1.154500e-2,2.00e-2,
1.154600e-2,2.00e-2,
1.154700e-2,2.00e-2,
1.154800e-2,2.00e-2,
1.154900e-2,2.00e-2,
1.155000e-2,2.00e-2,
1.155100e-2,4.00e-2,
1.155200e-2,4.00e-2,
1.155300e-2,4.00e-2,
1.155400e-2,4.00e-2,
1.155500e-2,2.00e-2,
1.155600e-2,2.00e-2,
1.155700e-2,2.00e-2,
1.155800e-2,2.00e-2,
1.155900e-2,0.00e+0,
1.156000e-2,0.00e+0,
1.156100e-2,2.00e-2,
1.156200e-2,2.00e-2,
1.156300e-2,4.00e-2,
1.156400e-2,4.00e-2,
1.156500e-2,2.00e-2,
1.156600e-2,2.00e-2,
1.156700e-2,2.00e-2,
1.156800e-2,2.00e-2,
1.156900e-2,2.00e-2,
1.157000e-2,2.00e-2,
1.157100e-2,4.00e-2,
1.157200e-2,4.00e-2,
1.157300e-2,2.00e-2,
1.157400e-2,2.00e-2,
1.157500e-2,4.00e-2,
1.157600e-2,4.00e-2,
1.157700e-2,2.00e-2,
1.157800e-2,2.00e-2,
1.157900e-2,2.00e-2,
1.158000e-2,2.00e-2,
1.158100e-2,2.00e-2,
1.158200e-2,2.00e-2,
1.158300e-2,0.00e+0,
1.158400e-2,0.00e+0,
1.158500e-2,4.00e-2,
1.158600e-2,4.00e-2,
1.158700e-2,4.00e-2,
1.158800e-2,4.00e-2,
1.158900e-2,2.00e-2,
1.159000e-2,2.00e-2,
1.159100e-2,0.00e+0,
1.159200e-2,0.00e+0,
1.159300e-2,4.00e-2,
1.159400e-2,4.00e-2,
1.159500e-2,2.00e-2,
1.159600e-2,2.00e-2,
1.159700e-2,2.00e-2,
1.159800e-2,2.00e-2,
1.159900e-2,2.00e-2,
1.160000e-2,2.00e-2,
1.160100e-2,2.00e-2,
1.160200e-2,2.00e-2,
1.160300e-2,4.00e-2,
1.160400e-2,4.00e-2,
1.160500e-2,2.00e-2,
1.160600e-2,2.00e-2,
1.160700e-2,4.00e-2,
1.160800e-2,4.00e-2,
1.160900e-2,2.00e-2,
1.161000e-2,2.00e-2,
1.161100e-2,2.00e-2,
1.161200e-2,2.00e-2,
1.161300e-2,2.00e-2,
1.161400e-2,2.00e-2,
1.161500e-2,2.00e-2,
1.161600e-2,2.00e-2,
1.161700e-2,4.00e-2,
1.161800e-2,4.00e-2,
1.161900e-2,4.00e-2,
1.162000e-2,4.00e-2,
1.162100e-2,2.00e-2,
1.162200e-2,2.00e-2,
1.162300e-2,2.00e-2,
1.162400e-2,2.00e-2,
1.162500e-2,4.00e-2,
1.162600e-2,4.00e-2,
1.162700e-2,2.00e-2,
1.162800e-2,2.00e-2,
1.162900e-2,2.00e-2,
1.163000e-2,2.00e-2,
1.163100e-2,2.00e-2,
1.163200e-2,2.00e-2,
1.163300e-2,4.00e-2,
1.163400e-2,4.00e-2,
1.163500e-2,2.00e-2,
1.163600e-2,2.00e-2,
1.163700e-2,2.00e-2,
1.163800e-2,2.00e-2,
1.163900e-2,2.00e-2,
1.164000e-2,2.00e-2,
1.164100e-2,2.00e-2,
1.164200e-2,2.00e-2,
1.164300e-2,2.00e-2,
1.164400e-2,2.00e-2,
1.164500e-2,2.00e-2,
1.164600e-2,2.00e-2,
1.164700e-2,2.00e-2,
1.164800e-2,2.00e-2,
1.164900e-2,2.00e-2,
1.165000e-2,2.00e-2,
1.165100e-2,2.00e-2,
1.165200e-2,2.00e-2,
1.165300e-2,0.00e+0,
1.165400e-2,0.00e+0,
1.165500e-2,0.00e+0,
1.165600e-2,0.00e+0,
1.165700e-2,0.00e+0,
1.165800e-2,0.00e+0,
1.165900e-2,2.00e-2,
1.166000e-2,2.00e-2,
1.166100e-2,0.00e+0,
1.166200e-2,0.00e+0,
1.166300e-2,2.00e-2,
1.166400e-2,2.00e-2,
1.166500e-2,2.00e-2,
1.166600e-2,2.00e-2,
1.166700e-2,0.00e+0,
1.166800e-2,0.00e+0,
1.166900e-2,0.00e+0,
1.167000e-2,0.00e+0,
1.167100e-2,0.00e+0,
1.167200e-2,0.00e+0,
1.167300e-2,0.00e+0,
1.167400e-2,0.00e+0,
1.167500e-2,2.00e-2,
1.167600e-2,2.00e-2,
1.167700e-2,2.00e-2,
1.167800e-2,2.00e-2,
1.167900e-2,2.00e-2,
1.168000e-2,2.00e-2,
1.168100e-2,0.00e+0,
1.168200e-2,0.00e+0,
1.168300e-2,2.00e-2,
1.168400e-2,2.00e-2,
1.168500e-2,2.00e-2,
1.168600e-2,2.00e-2,
1.168700e-2,2.00e-2,
1.168800e-2,2.00e-2,
1.168900e-2,2.00e-2,
1.169000e-2,2.00e-2,
1.169100e-2,2.00e-2,
1.169200e-2,2.00e-2,
1.169300e-2,2.00e-2,
1.169400e-2,2.00e-2,
1.169500e-2,2.00e-2,
1.169600e-2,2.00e-2,
1.169700e-2,4.00e-2,
1.169800e-2,4.00e-2,
1.169900e-2,2.00e-2,
1.170000e-2,2.00e-2,
1.170100e-2,0.00e+0,
1.170200e-2,0.00e+0,
1.170300e-2,2.00e-2,
1.170400e-2,2.00e-2,
1.170500e-2,4.00e-2,
1.170600e-2,4.00e-2,
1.170700e-2,2.00e-2,
1.170800e-2,2.00e-2,
1.170900e-2,4.00e-2,
1.171000e-2,4.00e-2,
1.171100e-2,4.00e-2,
1.171200e-2,4.00e-2,
1.171300e-2,2.00e-2,
1.171400e-2,2.00e-2,
1.171500e-2,2.00e-2,
1.171600e-2,2.00e-2,
1.171700e-2,2.00e-2,
1.171800e-2,2.00e-2,
1.171900e-2,2.00e-2,
1.172000e-2,2.00e-2,
1.172100e-2,2.00e-2,
1.172200e-2,2.00e-2,
1.172300e-2,2.00e-2,
1.172400e-2,2.00e-2,
1.172500e-2,2.00e-2,
1.172600e-2,2.00e-2,
1.172700e-2,2.00e-2,
1.172800e-2,2.00e-2,
1.172900e-2,2.00e-2,
1.173000e-2,2.00e-2,
1.173100e-2,2.00e-2,
1.173200e-2,2.00e-2,
1.173300e-2,2.00e-2,
1.173400e-2,2.00e-2,
1.173500e-2,2.00e-2,
1.173600e-2,2.00e-2,
1.173700e-2,2.00e-2,
1.173800e-2,2.00e-2,
1.173900e-2,2.00e-2,
1.174000e-2,2.00e-2,
1.174100e-2,4.00e-2,
1.174200e-2,4.00e-2,
1.174300e-2,2.00e-2,
1.174400e-2,2.00e-2,
1.174500e-2,2.00e-2,
1.174600e-2,2.00e-2,
1.174700e-2,4.00e-2,
1.174800e-2,4.00e-2,
1.174900e-2,0.00e+0,
1.175000e-2,0.00e+0,
1.175100e-2,0.00e+0,
1.175200e-2,0.00e+0,
1.175300e-2,2.00e-2,
1.175400e-2,2.00e-2,
1.175500e-2,2.00e-2,
1.175600e-2,2.00e-2,
1.175700e-2,4.00e-2,
1.175800e-2,4.00e-2,
1.175900e-2,0.00e+0,
1.176000e-2,0.00e+0,
1.176100e-2,2.00e-2,
1.176200e-2,2.00e-2,
1.176300e-2,2.00e-2,
1.176400e-2,2.00e-2,
1.176500e-2,2.00e-2,
1.176600e-2,2.00e-2,
1.176700e-2,2.00e-2,
1.176800e-2,2.00e-2,
1.176900e-2,2.00e-2,
1.177000e-2,2.00e-2,
1.177100e-2,2.00e-2,
1.177200e-2,2.00e-2,
1.177300e-2,2.00e-2,
1.177400e-2,2.00e-2,
1.177500e-2,2.00e-2,
1.177600e-2,2.00e-2,
1.177700e-2,4.00e-2,
1.177800e-2,4.00e-2,
1.177900e-2,2.00e-2,
1.178000e-2,2.00e-2,
1.178100e-2,2.00e-2,
1.178200e-2,2.00e-2,
1.178300e-2,2.00e-2,
1.178400e-2,2.00e-2,
1.178500e-2,0.00e+0,
1.178600e-2,0.00e+0,
1.178700e-2,2.00e-2,
1.178800e-2,2.00e-2,
1.178900e-2,4.00e-2,
1.179000e-2,4.00e-2,
1.179100e-2,4.00e-2,
1.179200e-2,4.00e-2,
1.179300e-2,0.00e+0,
1.179400e-2,0.00e+0,
1.179500e-2,2.00e-2,
1.179600e-2,2.00e-2,
1.179700e-2,2.00e-2,
1.179800e-2,2.00e-2,
1.179900e-2,4.00e-2,
1.180000e-2,4.00e-2,
1.180100e-2,2.00e-2,
1.180200e-2,2.00e-2,
1.180300e-2,0.00e+0,
1.180400e-2,0.00e+0,
1.180500e-2,2.00e-2,
1.180600e-2,2.00e-2,
1.180700e-2,2.00e-2,
1.180800e-2,2.00e-2,
1.180900e-2,2.00e-2,
1.181000e-2,2.00e-2,
1.181100e-2,4.00e-2,
1.181200e-2,4.00e-2,
1.181300e-2,2.00e-2,
1.181400e-2,2.00e-2,
1.181500e-2,2.00e-2,
1.181600e-2,2.00e-2,
1.181700e-2,2.00e-2,
1.181800e-2,2.00e-2,
1.181900e-2,2.00e-2,
1.182000e-2,2.00e-2,
1.182100e-2,2.00e-2,
1.182200e-2,2.00e-2,
1.182300e-2,2.00e-2,
1.182400e-2,2.00e-2,
1.182500e-2,2.00e-2,
1.182600e-2,2.00e-2,
1.182700e-2,2.00e-2,
1.182800e-2,2.00e-2,
1.182900e-2,2.00e-2,
1.183000e-2,2.00e-2,
1.183100e-2,2.00e-2,
1.183200e-2,2.00e-2,
1.183300e-2,2.00e-2,
1.183400e-2,2.00e-2,
1.183500e-2,2.00e-2,
1.183600e-2,2.00e-2,
1.183700e-2,0.00e+0,
1.183800e-2,0.00e+0,
1.183900e-2,4.00e-2,
1.184000e-2,4.00e-2,
1.184100e-2,2.00e-2,
1.184200e-2,2.00e-2,
1.184300e-2,4.00e-2,
1.184400e-2,4.00e-2,
1.184500e-2,2.00e-2,
1.184600e-2,2.00e-2,
1.184700e-2,2.00e-2,
1.184800e-2,2.00e-2,
1.184900e-2,2.00e-2,
1.185000e-2,2.00e-2,
1.185100e-2,0.00e+0,
1.185200e-2,0.00e+0,
1.185300e-2,2.00e-2,
1.185400e-2,2.00e-2,
1.185500e-2,2.00e-2,
1.185600e-2,2.00e-2,
1.185700e-2,0.00e+0,
1.185800e-2,0.00e+0,
1.185900e-2,4.00e-2,
1.186000e-2,4.00e-2,
1.186100e-2,2.00e-2,
1.186200e-2,2.00e-2,
1.186300e-2,2.00e-2,
1.186400e-2,2.00e-2,
1.186500e-2,2.00e-2,
1.186600e-2,2.00e-2,
1.186700e-2,2.00e-2,
1.186800e-2,2.00e-2,
1.186900e-2,2.00e-2,
1.187000e-2,2.00e-2,
1.187100e-2,0.00e+0,
1.187200e-2,0.00e+0,
1.187300e-2,2.00e-2,
1.187400e-2,2.00e-2,
1.187500e-2,2.00e-2,
1.187600e-2,2.00e-2,
1.187700e-2,4.00e-2,
1.187800e-2,4.00e-2,
1.187900e-2,4.00e-2,
1.188000e-2,4.00e-2,
1.188100e-2,4.00e-2,
1.188200e-2,4.00e-2,
1.188300e-2,2.00e-2,
1.188400e-2,2.00e-2,
1.188500e-2,2.00e-2,
1.188600e-2,2.00e-2,
1.188700e-2,2.00e-2,
1.188800e-2,2.00e-2,
1.188900e-2,4.00e-2,
1.189000e-2,4.00e-2,
1.189100e-2,2.00e-2,
1.189200e-2,2.00e-2,
1.189300e-2,2.00e-2,
1.189400e-2,2.00e-2,
1.189500e-2,2.00e-2,
1.189600e-2,2.00e-2,
1.189700e-2,2.00e-2,
1.189800e-2,2.00e-2,
1.189900e-2,2.00e-2,
1.190000e-2,2.00e-2,
1.190100e-2,2.00e-2,
1.190200e-2,2.00e-2,
1.190300e-2,2.00e-2,
1.190400e-2,2.00e-2,
1.190500e-2,4.00e-2,
1.190600e-2,4.00e-2,
1.190700e-2,4.00e-2,
1.190800e-2,4.00e-2,
1.190900e-2,2.00e-2,
1.191000e-2,2.00e-2,
1.191100e-2,2.00e-2,
1.191200e-2,2.00e-2,
1.191300e-2,2.00e-2,
1.191400e-2,2.00e-2,
1.191500e-2,2.00e-2,
1.191600e-2,2.00e-2,
1.191700e-2,0.00e+0,
1.191800e-2,0.00e+0,
1.191900e-2,2.00e-2,
1.192000e-2,2.00e-2,
1.192100e-2,2.00e-2,
1.192200e-2,2.00e-2,
1.192300e-2,2.00e-2,
1.192400e-2,2.00e-2,
1.192500e-2,2.00e-2,
1.192600e-2,2.00e-2,
1.192700e-2,2.00e-2,
1.192800e-2,2.00e-2,
1.192900e-2,2.00e-2,
1.193000e-2,2.00e-2,
1.193100e-2,2.00e-2,
1.193200e-2,2.00e-2,
1.193300e-2,2.00e-2,
1.193400e-2,2.00e-2,
1.193500e-2,2.00e-2,
1.193600e-2,2.00e-2,
1.193700e-2,0.00e+0,
1.193800e-2,0.00e+0,
1.193900e-2,2.00e-2,
1.194000e-2,2.00e-2,
1.194100e-2,2.00e-2,
1.194200e-2,2.00e-2,
1.194300e-2,2.00e-2,
1.194400e-2,2.00e-2,
1.194500e-2,2.00e-2,
1.194600e-2,2.00e-2,
1.194700e-2,2.00e-2,
1.194800e-2,2.00e-2,
1.194900e-2,2.00e-2,
1.195000e-2,2.00e-2,
1.195100e-2,2.00e-2,
1.195200e-2,2.00e-2,
1.195300e-2,4.00e-2,
1.195400e-2,4.00e-2,
1.195500e-2,2.00e-2,
1.195600e-2,2.00e-2,
1.195700e-2,2.00e-2,
1.195800e-2,2.00e-2,
1.195900e-2,2.00e-2,
1.196000e-2,2.00e-2,
1.196100e-2,2.00e-2,
1.196200e-2,2.00e-2,
1.196300e-2,4.00e-2,
1.196400e-2,4.00e-2,
1.196500e-2,2.00e-2,
1.196600e-2,2.00e-2,
1.196700e-2,0.00e+0,
1.196800e-2,0.00e+0,
1.196900e-2,2.00e-2,
1.197000e-2,2.00e-2,
1.197100e-2,4.00e-2,
1.197200e-2,4.00e-2,
1.197300e-2,2.00e-2,
1.197400e-2,2.00e-2,
1.197500e-2,4.00e-2,
1.197600e-2,4.00e-2,
1.197700e-2,2.00e-2,
1.197800e-2,2.00e-2,
1.197900e-2,0.00e+0,
1.198000e-2,0.00e+0,
1.198100e-2,2.00e-2,
1.198200e-2,2.00e-2,
1.198300e-2,2.00e-2,
1.198400e-2,2.00e-2,
1.198500e-2,2.00e-2,
1.198600e-2,2.00e-2,
1.198700e-2,2.00e-2,
1.198800e-2,2.00e-2,
1.198900e-2,2.00e-2,
1.199000e-2,2.00e-2,
1.199100e-2,2.00e-2,
1.199200e-2,2.00e-2,
1.199300e-2,2.00e-2,
1.199400e-2,2.00e-2,
1.199500e-2,2.00e-2,
1.199600e-2,2.00e-2,
1.199700e-2,4.00e-2,
1.199800e-2,4.00e-2,
1.199900e-2,2.00e-2,
1.200000e-2,2.00e-2,
1.200100e-2,2.00e-2,
1.200200e-2,2.00e-2,
1.200300e-2,4.00e-2,
1.200400e-2,4.00e-2,
1.200500e-2,2.00e-2,
1.200600e-2,2.00e-2,
1.200700e-2,2.00e-2,
1.200800e-2,2.00e-2,
1.200900e-2,2.00e-2,
1.201000e-2,2.00e-2,
1.201100e-2,2.00e-2,
1.201200e-2,2.00e-2,
1.201300e-2,2.00e-2,
1.201400e-2,2.00e-2,
1.201500e-2,2.00e-2,
1.201600e-2,2.00e-2,
1.201700e-2,2.00e-2,
1.201800e-2,2.00e-2,
1.201900e-2,2.00e-2,
1.202000e-2,2.00e-2,
1.202100e-2,2.00e-2,
1.202200e-2,2.00e-2,
1.202300e-2,2.00e-2,
1.202400e-2,2.00e-2,
1.202500e-2,2.00e-2,
1.202600e-2,2.00e-2,
1.202700e-2,2.00e-2,
1.202800e-2,2.00e-2,
1.202900e-2,2.00e-2,
1.203000e-2,2.00e-2,
1.203100e-2,4.00e-2,
1.203200e-2,4.00e-2,
1.203300e-2,2.00e-2,
1.203400e-2,2.00e-2,
1.203500e-2,2.00e-2,
1.203600e-2,2.00e-2,
1.203700e-2,4.00e-2,
1.203800e-2,4.00e-2,
1.203900e-2,2.00e-2,
1.204000e-2,2.00e-2,
1.204100e-2,2.00e-2,
1.204200e-2,2.00e-2,
1.204300e-2,2.00e-2,
1.204400e-2,2.00e-2,
1.204500e-2,2.00e-2,
1.204600e-2,2.00e-2,
1.204700e-2,0.00e+0,
1.204800e-2,0.00e+0,
1.204900e-2,2.00e-2,
1.205000e-2,2.00e-2,
1.205100e-2,4.00e-2,
1.205200e-2,4.00e-2,
1.205300e-2,2.00e-2,
1.205400e-2,2.00e-2,
1.205500e-2,2.00e-2,
1.205600e-2,2.00e-2,
1.205700e-2,2.00e-2,
1.205800e-2,2.00e-2,
1.205900e-2,2.00e-2,
1.206000e-2,2.00e-2,
1.206100e-2,2.00e-2,
1.206200e-2,2.00e-2,
1.206300e-2,4.00e-2,
1.206400e-2,4.00e-2,
1.206500e-2,2.00e-2,
1.206600e-2,2.00e-2,
1.206700e-2,2.00e-2,
1.206800e-2,2.00e-2,
1.206900e-2,2.00e-2,
1.207000e-2,2.00e-2,
1.207100e-2,2.00e-2,
1.207200e-2,2.00e-2,
1.207300e-2,4.00e-2,
1.207400e-2,4.00e-2,
1.207500e-2,2.00e-2,
1.207600e-2,2.00e-2,
1.207700e-2,4.00e-2,
1.207800e-2,4.00e-2,
1.207900e-2,2.00e-2,
1.208000e-2,2.00e-2,
1.208100e-2,2.00e-2,
1.208200e-2,2.00e-2,
1.208300e-2,2.00e-2,
1.208400e-2,2.00e-2,
1.208500e-2,4.00e-2,
1.208600e-2,4.00e-2,
1.208700e-2,2.00e-2,
1.208800e-2,2.00e-2,
1.208900e-2,2.00e-2,
1.209000e-2,2.00e-2,
1.209100e-2,2.00e-2,
1.209200e-2,2.00e-2,
1.209300e-2,0.00e+0,
1.209400e-2,0.00e+0,
1.209500e-2,2.00e-2,
1.209600e-2,2.00e-2,
1.209700e-2,2.00e-2,
1.209800e-2,2.00e-2,
1.209900e-2,4.00e-2,
1.210000e-2,4.00e-2,
1.210100e-2,2.00e-2,
1.210200e-2,2.00e-2,
1.210300e-2,2.00e-2,
1.210400e-2,2.00e-2,
1.210500e-2,4.00e-2,
1.210600e-2,4.00e-2,
1.210700e-2,4.00e-2,
1.210800e-2,4.00e-2,
1.210900e-2,2.00e-2,
1.211000e-2,2.00e-2,
1.211100e-2,4.00e-2,
1.211200e-2,4.00e-2,
1.211300e-2,2.00e-2,
1.211400e-2,2.00e-2,
1.211500e-2,2.00e-2,
1.211600e-2,2.00e-2,
1.211700e-2,0.00e+0,
1.211800e-2,0.00e+0,
1.211900e-2,2.00e-2,
1.212000e-2,2.00e-2,
1.212100e-2,2.00e-2,
1.212200e-2,2.00e-2,
1.212300e-2,4.00e-2,
1.212400e-2,4.00e-2,
1.212500e-2,2.00e-2,
1.212600e-2,2.00e-2,
1.212700e-2,2.00e-2,
1.212800e-2,2.00e-2,
1.212900e-2,2.00e-2,
1.213000e-2,2.00e-2,
1.213100e-2,2.00e-2,
1.213200e-2,2.00e-2,
1.213300e-2,4.00e-2,
1.213400e-2,4.00e-2,
1.213500e-2,2.00e-2,
1.213600e-2,2.00e-2,
1.213700e-2,2.00e-2,
1.213800e-2,2.00e-2,
1.213900e-2,4.00e-2,
1.214000e-2,4.00e-2,
1.214100e-2,2.00e-2,
1.214200e-2,2.00e-2,
1.214300e-2,2.00e-2,
1.214400e-2,2.00e-2,
1.214500e-2,2.00e-2,
1.214600e-2,2.00e-2,
1.214700e-2,2.00e-2,
1.214800e-2,2.00e-2,
1.214900e-2,2.00e-2,
1.215000e-2,2.00e-2,
1.215100e-2,2.00e-2,
1.215200e-2,2.00e-2,
1.215300e-2,2.00e-2,
1.215400e-2,2.00e-2,
1.215500e-2,0.00e+0,
1.215600e-2,0.00e+0,
1.215700e-2,2.00e-2,
1.215800e-2,2.00e-2,
1.215900e-2,2.00e-2,
1.216000e-2,2.00e-2,
1.216100e-2,4.00e-2,
1.216200e-2,4.00e-2,
1.216300e-2,2.00e-2,
1.216400e-2,2.00e-2,
1.216500e-2,4.00e-2,
1.216600e-2,4.00e-2,
1.216700e-2,2.00e-2,
1.216800e-2,2.00e-2,
1.216900e-2,2.00e-2,
1.217000e-2,2.00e-2,
1.217100e-2,2.00e-2,
1.217200e-2,2.00e-2,
1.217300e-2,4.00e-2,
1.217400e-2,4.00e-2,
1.217500e-2,4.00e-2,
1.217600e-2,4.00e-2,
1.217700e-2,0.00e+0,
1.217800e-2,0.00e+0,
1.217900e-2,2.00e-2,
1.218000e-2,2.00e-2,
1.218100e-2,0.00e+0,
1.218200e-2,0.00e+0,
1.218300e-2,2.00e-2,
1.218400e-2,2.00e-2,
1.218500e-2,2.00e-2,
1.218600e-2,2.00e-2,
1.218700e-2,4.00e-2,
1.218800e-2,4.00e-2,
1.218900e-2,2.00e-2,
1.219000e-2,2.00e-2,
1.219100e-2,2.00e-2,
1.219200e-2,2.00e-2,
1.219300e-2,2.00e-2,
1.219400e-2,2.00e-2,
1.219500e-2,2.00e-2,
1.219600e-2,2.00e-2,
1.219700e-2,2.00e-2,
1.219800e-2,2.00e-2,
1.219900e-2,2.00e-2,
1.220000e-2,2.00e-2,
1.220100e-2,2.00e-2,
1.220200e-2,2.00e-2,
1.220300e-2,2.00e-2,
1.220400e-2,2.00e-2,
1.220500e-2,2.00e-2,
1.220600e-2,2.00e-2,
1.220700e-2,2.00e-2,
1.220800e-2,2.00e-2,
1.220900e-2,0.00e+0,
1.221000e-2,0.00e+0,
1.221100e-2,0.00e+0,
1.221200e-2,0.00e+0,
1.221300e-2,2.00e-2,
1.221400e-2,2.00e-2,
1.221500e-2,2.00e-2,
1.221600e-2,2.00e-2,
1.221700e-2,2.00e-2,
1.221800e-2,2.00e-2,
1.221900e-2,2.00e-2,
1.222000e-2,2.00e-2,
1.222100e-2,0.00e+0,
1.222200e-2,0.00e+0,
1.222300e-2,2.00e-2,
1.222400e-2,2.00e-2,
1.222500e-2,2.00e-2,
1.222600e-2,2.00e-2,
1.222700e-2,2.00e-2,
1.222800e-2,2.00e-2,
1.222900e-2,2.00e-2,
1.223000e-2,2.00e-2,
1.223100e-2,2.00e-2,
1.223200e-2,2.00e-2,
1.223300e-2,0.00e+0,
1.223400e-2,0.00e+0,
1.223500e-2,2.00e-2,
1.223600e-2,2.00e-2,
1.223700e-2,2.00e-2,
1.223800e-2,2.00e-2,
1.223900e-2,2.00e-2,
1.224000e-2,2.00e-2,
1.224100e-2,2.00e-2,
1.224200e-2,2.00e-2,
1.224300e-2,2.00e-2,
1.224400e-2,2.00e-2,
1.224500e-2,2.00e-2,
1.224600e-2,2.00e-2,
1.224700e-2,4.00e-2,
1.224800e-2,4.00e-2,
1.224900e-2,2.00e-2,
1.225000e-2,2.00e-2,
1.225100e-2,0.00e+0,
1.225200e-2,0.00e+0,
1.225300e-2,2.00e-2,
1.225400e-2,2.00e-2,
1.225500e-2,4.00e-2,
1.225600e-2,4.00e-2,
1.225700e-2,2.00e-2,
1.225800e-2,2.00e-2,
1.225900e-2,2.00e-2,
1.226000e-2,2.00e-2,
1.226100e-2,2.00e-2,
1.226200e-2,2.00e-2,
1.226300e-2,4.00e-2,
1.226400e-2,4.00e-2,
1.226500e-2,2.00e-2,
1.226600e-2,2.00e-2,
1.226700e-2,2.00e-2,
1.226800e-2,2.00e-2,
1.226900e-2,2.00e-2,
1.227000e-2,2.00e-2,
1.227100e-2,2.00e-2,
1.227200e-2,2.00e-2,
1.227300e-2,2.00e-2,
1.227400e-2,2.00e-2,
1.227500e-2,2.00e-2,
1.227600e-2,2.00e-2,
1.227700e-2,2.00e-2,
1.227800e-2,2.00e-2,
1.227900e-2,2.00e-2,
1.228000e-2,2.00e-2,
1.228100e-2,2.00e-2,
1.228200e-2,2.00e-2,
1.228300e-2,2.00e-2,
1.228400e-2,2.00e-2,
1.228500e-2,2.00e-2,
1.228600e-2,2.00e-2,
1.228700e-2,4.00e-2,
1.228800e-2,4.00e-2,
1.228900e-2,0.00e+0,
1.229000e-2,0.00e+0,
1.229100e-2,4.00e-2,
1.229200e-2,4.00e-2,
1.229300e-2,0.00e+0,
1.229400e-2,0.00e+0,
1.229500e-2,2.00e-2,
1.229600e-2,2.00e-2,
1.229700e-2,2.00e-2,
1.229800e-2,2.00e-2,
1.229900e-2,2.00e-2,
1.230000e-2,2.00e-2,
1.230100e-2,4.00e-2,
1.230200e-2,4.00e-2,
1.230300e-2,2.00e-2,
1.230400e-2,2.00e-2,
1.230500e-2,4.00e-2,
1.230600e-2,4.00e-2,
1.230700e-2,2.00e-2,
1.230800e-2,2.00e-2,
1.230900e-2,4.00e-2,
1.231000e-2,4.00e-2,
1.231100e-2,2.00e-2,
1.231200e-2,2.00e-2,
1.231300e-2,0.00e+0,
1.231400e-2,0.00e+0,
1.231500e-2,2.00e-2,
1.231600e-2,2.00e-2,
1.231700e-2,2.00e-2,
1.231800e-2,2.00e-2,
1.231900e-2,2.00e-2,
1.232000e-2,2.00e-2,
1.232100e-2,2.00e-2,
1.232200e-2,2.00e-2,
1.232300e-2,2.00e-2,
1.232400e-2,2.00e-2,
1.232500e-2,2.00e-2,
1.232600e-2,2.00e-2,
1.232700e-2,2.00e-2,
1.232800e-2,2.00e-2,
1.232900e-2,4.00e-2,
1.233000e-2,4.00e-2,
1.233100e-2,4.00e-2,
1.233200e-2,4.00e-2,
1.233300e-2,4.00e-2,
1.233400e-2,4.00e-2,
1.233500e-2,2.00e-2,
1.233600e-2,2.00e-2,
1.233700e-2,2.00e-2,
1.233800e-2,2.00e-2,
1.233900e-2,2.00e-2,
1.234000e-2,2.00e-2,
1.234100e-2,4.00e-2,
1.234200e-2,4.00e-2,
1.234300e-2,2.00e-2,
1.234400e-2,2.00e-2,
1.234500e-2,2.00e-2,
1.234600e-2,2.00e-2,
1.234700e-2,4.00e-2,
1.234800e-2,4.00e-2,
1.234900e-2,2.00e-2,
1.235000e-2,2.00e-2,
1.235100e-2,2.00e-2,
1.235200e-2,2.00e-2,
1.235300e-2,4.00e-2,
1.235400e-2,4.00e-2,
1.235500e-2,2.00e-2,
1.235600e-2,2.00e-2,
1.235700e-2,2.00e-2,
1.235800e-2,2.00e-2,
1.235900e-2,2.00e-2,
1.236000e-2,2.00e-2,
1.236100e-2,2.00e-2,
1.236200e-2,2.00e-2,
1.236300e-2,2.00e-2,
1.236400e-2,2.00e-2,
1.236500e-2,4.00e-2,
1.236600e-2,4.00e-2,
1.236700e-2,4.00e-2,
1.236800e-2,4.00e-2,
1.236900e-2,2.00e-2,
1.237000e-2,2.00e-2,
1.237100e-2,2.00e-2,
1.237200e-2,2.00e-2,
1.237300e-2,4.00e-2,
1.237400e-2,4.00e-2,
1.237500e-2,2.00e-2,
1.237600e-2,2.00e-2,
1.237700e-2,2.00e-2,
1.237800e-2,2.00e-2,
1.237900e-2,2.00e-2,
1.238000e-2,2.00e-2,
1.238100e-2,2.00e-2,
1.238200e-2,2.00e-2,
1.238300e-2,2.00e-2,
1.238400e-2,2.00e-2,
1.238500e-2,2.00e-2,
1.238600e-2,2.00e-2,
1.238700e-2,2.00e-2,
1.238800e-2,2.00e-2,
1.238900e-2,2.00e-2,
1.239000e-2,2.00e-2,
1.239100e-2,2.00e-2,
1.239200e-2,2.00e-2,
1.239300e-2,2.00e-2,
1.239400e-2,2.00e-2,
1.239500e-2,4.00e-2,
1.239600e-2,4.00e-2,
1.239700e-2,0.00e+0,
1.239800e-2,0.00e+0,
1.239900e-2,0.00e+0,
1.240000e-2,0.00e+0,
1.240100e-2,2.00e-2,
1.240200e-2,2.00e-2,
1.240300e-2,2.00e-2,
1.240400e-2,2.00e-2,
1.240500e-2,4.00e-2,
1.240600e-2,4.00e-2,
1.240700e-2,4.00e-2,
1.240800e-2,4.00e-2,
1.240900e-2,2.00e-2,
1.241000e-2,2.00e-2,
1.241100e-2,4.00e-2,
1.241200e-2,4.00e-2,
1.241300e-2,2.00e-2,
1.241400e-2,2.00e-2,
1.241500e-2,2.00e-2,
1.241600e-2,2.00e-2,
1.241700e-2,2.00e-2,
1.241800e-2,2.00e-2,
1.241900e-2,2.00e-2,
1.242000e-2,2.00e-2,
1.242100e-2,2.00e-2,
1.242200e-2,2.00e-2,
1.242300e-2,2.00e-2,
1.242400e-2,2.00e-2,
1.242500e-2,2.00e-2,
1.242600e-2,2.00e-2,
1.242700e-2,2.00e-2,
1.242800e-2,2.00e-2,
1.242900e-2,2.00e-2,
1.243000e-2,2.00e-2,
1.243100e-2,4.00e-2,
1.243200e-2,4.00e-2,
1.243300e-2,4.00e-2,
1.243400e-2,4.00e-2,
1.243500e-2,6.00e-2,
1.243600e-2,6.00e-2,
1.243700e-2,6.00e-2,
1.243800e-2,6.00e-2,
1.243900e-2,1.20e-1,
1.244000e-2,1.20e-1,
1.244100e-2,1.40e-1,
1.244200e-2,1.40e-1,
1.244300e-2,1.40e-1,
1.244400e-2,1.40e-1,
1.244500e-2,2.20e-1,
1.244600e-2,2.20e-1,
1.244700e-2,3.40e-1,
1.244800e-2,3.40e-1,
1.244900e-2,4.40e-1,
1.245000e-2,6.60e-1,
1.245100e-2,6.40e-1,
1.245200e-2,6.40e-1,
1.245300e-2,7.80e-1,
1.245400e-2,1.10e+0,
1.245500e-2,1.10e+0,
1.245600e-2,1.54e+0,
1.245700e-2,1.54e+0,
1.245800e-2,1.54e+0,
1.245900e-2,1.74e+0,
1.246000e-2,2.10e+0,
1.246100e-2,2.08e+0,
1.246200e-2,2.38e+0,
1.246300e-2,2.38e+0,
1.246400e-2,2.60e+0,
1.246500e-2,2.58e+0,
1.246600e-2,2.58e+0,
1.246700e-2,2.68e+0,
1.246800e-2,2.68e+0,
1.246900e-2,2.64e+0,
1.247000e-2,2.64e+0,
1.247100e-2,2.48e+0,
1.247200e-2,2.04e+0,
1.247300e-2,2.08e+0,
1.247400e-2,1.84e+0,
1.247500e-2,1.84e+0,
1.247600e-2,1.84e+0,
1.247700e-2,1.68e+0,
1.247800e-2,1.68e+0,
1.247900e-2,1.54e+0,
1.248000e-2,1.54e+0,
1.248100e-2,1.34e+0,
1.248200e-2,1.04e+0,
1.248300e-2,1.06e+0,
1.248400e-2,8.20e-1,
1.248500e-2,8.20e-1,
1.248600e-2,6.00e-1,
1.248700e-2,6.20e-1,
1.248800e-2,6.20e-1,
1.248900e-2,5.20e-1,
1.249000e-2,5.20e-1,
1.249100e-2,4.40e-1,
1.249200e-2,4.40e-1,
1.249300e-2,3.20e-1,
1.249400e-2,3.20e-1,
1.249500e-2,2.20e-1,
1.249600e-2,2.20e-1,
1.249700e-2,1.40e-1,
1.249800e-2,1.40e-1,
1.249900e-2,1.00e-1,
1.250000e-2,1.00e-1,
1.250100e-2,8.00e-2,
1.250200e-2,8.00e-2,
1.250300e-2,6.00e-2,
1.250400e-2,6.00e-2,
1.250500e-2,6.00e-2,
1.250600e-2,6.00e-2,
1.250700e-2,6.00e-2,
1.250800e-2,6.00e-2,
1.250900e-2,4.00e-2,
1.251000e-2,4.00e-2,
1.251100e-2,4.00e-2,
1.251200e-2,4.00e-2,
1.251300e-2,4.00e-2,
1.251400e-2,4.00e-2,
1.251500e-2,4.00e-2,
1.251600e-2,4.00e-2,
1.251700e-2,6.00e-2,
1.251800e-2,6.00e-2,
1.251900e-2,4.00e-2,
1.252000e-2,4.00e-2,
1.252100e-2,4.00e-2,
1.252200e-2,4.00e-2,
1.252300e-2,4.00e-2,
1.252400e-2,4.00e-2,
1.252500e-2,4.00e-2,
1.252600e-2,4.00e-2,
1.252700e-2,4.00e-2,
1.252800e-2,4.00e-2,
1.252900e-2,4.00e-2,
1.253000e-2,4.00e-2,
1.253100e-2,4.00e-2,
1.253200e-2,4.00e-2,
1.253300e-2,4.00e-2,
1.253400e-2,4.00e-2,
1.253500e-2,4.00e-2,
1.253600e-2,4.00e-2,
1.253700e-2,2.00e-2,
1.253800e-2,2.00e-2,
1.253900e-2,2.00e-2,
1.254000e-2,2.00e-2,
1.254100e-2,4.00e-2,
1.254200e-2,4.00e-2,
1.254300e-2,4.00e-2,
1.254400e-2,4.00e-2,
1.254500e-2,4.00e-2,
1.254600e-2,4.00e-2,
1.254700e-2,4.00e-2,
1.254800e-2,4.00e-2,
1.254900e-2,4.00e-2,
1.255000e-2,4.00e-2,
1.255100e-2,4.00e-2,
1.255200e-2,4.00e-2,
1.255300e-2,4.00e-2,
1.255400e-2,4.00e-2,
1.255500e-2,2.00e-2,
1.255600e-2,2.00e-2,
1.255700e-2,0.00e+0,
1.255800e-2,0.00e+0,
1.255900e-2,4.00e-2,
1.256000e-2,4.00e-2,
1.256100e-2,4.00e-2,
1.256200e-2,4.00e-2,
1.256300e-2,2.00e-2,
1.256400e-2,2.00e-2,
1.256500e-2,2.00e-2,
1.256600e-2,2.00e-2,
1.256700e-2,2.00e-2,
1.256800e-2,2.00e-2,
1.256900e-2,2.00e-2,
1.257000e-2,2.00e-2,
1.257100e-2,4.00e-2,
1.257200e-2,4.00e-2,
1.257300e-2,2.00e-2,
1.257400e-2,2.00e-2,
1.257500e-2,2.00e-2,
1.257600e-2,2.00e-2,
1.257700e-2,2.00e-2,
1.257800e-2,2.00e-2,
1.257900e-2,4.00e-2,
1.258000e-2,4.00e-2,
1.258100e-2,2.00e-2,
1.258200e-2,2.00e-2,
1.258300e-2,2.00e-2,
1.258400e-2,2.00e-2,
1.258500e-2,2.00e-2,
1.258600e-2,2.00e-2,
1.258700e-2,2.00e-2,
1.258800e-2,2.00e-2,
1.258900e-2,4.00e-2,
1.259000e-2,4.00e-2,
1.259100e-2,4.00e-2,
1.259200e-2,4.00e-2,
1.259300e-2,2.00e-2,
1.259400e-2,2.00e-2,
1.259500e-2,4.00e-2,
1.259600e-2,4.00e-2,
1.259700e-2,2.00e-2,
1.259800e-2,2.00e-2,
1.259900e-2,2.00e-2,
1.260000e-2,2.00e-2,
1.260100e-2,2.00e-2,
1.260200e-2,2.00e-2,
1.260300e-2,4.00e-2,
1.260400e-2,4.00e-2,
1.260500e-2,4.00e-2,
1.260600e-2,4.00e-2,
1.260700e-2,2.00e-2,
1.260800e-2,2.00e-2,
1.260900e-2,4.00e-2,
1.261000e-2,4.00e-2,
1.261100e-2,2.00e-2,
1.261200e-2,2.00e-2,
1.261300e-2,4.00e-2,
1.261400e-2,4.00e-2,
1.261500e-2,4.00e-2,
1.261600e-2,4.00e-2,
1.261700e-2,2.00e-2,
1.261800e-2,2.00e-2,
1.261900e-2,4.00e-2,
1.262000e-2,4.00e-2,
1.262100e-2,2.00e-2,
1.262200e-2,2.00e-2,
1.262300e-2,0.00e+0,
1.262400e-2,0.00e+0,
1.262500e-2,2.00e-2,
1.262600e-2,2.00e-2,
1.262700e-2,2.00e-2,
1.262800e-2,2.00e-2,
1.262900e-2,4.00e-2,
1.263000e-2,4.00e-2,
1.263100e-2,2.00e-2,
1.263200e-2,2.00e-2,
1.263300e-2,2.00e-2,
1.263400e-2,2.00e-2,
1.263500e-2,2.00e-2,
1.263600e-2,2.00e-2,
1.263700e-2,2.00e-2,
1.263800e-2,2.00e-2,
1.263900e-2,4.00e-2,
1.264000e-2,4.00e-2,
1.264100e-2,4.00e-2,
1.264200e-2,4.00e-2,
1.264300e-2,4.00e-2,
1.264400e-2,4.00e-2,
1.264500e-2,2.00e-2,
1.264600e-2,2.00e-2,
1.264700e-2,4.00e-2,
1.264800e-2,4.00e-2,
1.264900e-2,4.00e-2,
1.265000e-2,4.00e-2,
1.265100e-2,2.00e-2,
1.265200e-2,2.00e-2,
1.265300e-2,2.00e-2,
1.265400e-2,2.00e-2,
1.265500e-2,4.00e-2,
1.265600e-2,4.00e-2,
1.265700e-2,2.00e-2,
1.265800e-2,2.00e-2,
1.265900e-2,0.00e+0,
1.266000e-2,0.00e+0,
1.266100e-2,2.00e-2,
1.266200e-2,2.00e-2,
1.266300e-2,2.00e-2,
1.266400e-2,2.00e-2,
1.266500e-2,2.00e-2,
1.266600e-2,2.00e-2,
1.266700e-2,0.00e+0,
1.266800e-2,0.00e+0,
1.266900e-2,2.00e-2,
1.267000e-2,2.00e-2,
1.267100e-2,2.00e-2,
1.267200e-2,2.00e-2,
1.267300e-2,2.00e-2,
1.267400e-2,2.00e-2,
1.267500e-2,4.00e-2,
1.267600e-2,4.00e-2,
1.267700e-2,2.00e-2,
1.267800e-2,2.00e-2,
1.267900e-2,2.00e-2,
1.268000e-2,2.00e-2,
1.268100e-2,2.00e-2,
1.268200e-2,2.00e-2,
1.268300e-2,2.00e-2,
1.268400e-2,2.00e-2,
1.268500e-2,2.00e-2,
1.268600e-2,2.00e-2,
1.268700e-2,4.00e-2,
1.268800e-2,4.00e-2,
1.268900e-2,2.00e-2,
1.269000e-2,2.00e-2,
1.269100e-2,2.00e-2,
1.269200e-2,2.00e-2,
1.269300e-2,2.00e-2,
1.269400e-2,2.00e-2,
1.269500e-2,2.00e-2,
1.269600e-2,2.00e-2,
1.269700e-2,2.00e-2,
1.269800e-2,2.00e-2,
1.269900e-2,2.00e-2,
1.270000e-2,2.00e-2,
1.270100e-2,2.00e-2,
1.270200e-2,2.00e-2,
1.270300e-2,2.00e-2,
1.270400e-2,2.00e-2,
1.270500e-2,2.00e-2,
1.270600e-2,2.00e-2,
1.270700e-2,0.00e+0,
1.270800e-2,0.00e+0,
1.270900e-2,2.00e-2,
1.271000e-2,2.00e-2,
1.271100e-2,2.00e-2,
1.271200e-2,2.00e-2,
1.271300e-2,2.00e-2,
1.271400e-2,2.00e-2,
1.271500e-2,2.00e-2,
1.271600e-2,2.00e-2,
1.271700e-2,2.00e-2,
1.271800e-2,2.00e-2,
1.271900e-2,2.00e-2,
1.272000e-2,2.00e-2,
1.272100e-2,4.00e-2,
1.272200e-2,4.00e-2,
1.272300e-2,2.00e-2,
1.272400e-2,2.00e-2,
1.272500e-2,4.00e-2,
1.272600e-2,4.00e-2,
1.272700e-2,4.00e-2,
1.272800e-2,4.00e-2,
1.272900e-2,4.00e-2,
1.273000e-2,4.00e-2,
1.273100e-2,2.00e-2,
1.273200e-2,2.00e-2,
1.273300e-2,2.00e-2,
1.273400e-2,2.00e-2,
1.273500e-2,2.00e-2,
1.273600e-2,2.00e-2,
1.273700e-2,4.00e-2,
1.273800e-2,4.00e-2,
1.273900e-2,2.00e-2,
1.274000e-2,2.00e-2,
1.274100e-2,2.00e-2,
1.274200e-2,2.00e-2,
1.274300e-2,2.00e-2,
1.274400e-2,2.00e-2,
1.274500e-2,2.00e-2,
1.274600e-2,2.00e-2,
1.274700e-2,4.00e-2,
1.274800e-2,4.00e-2,
1.274900e-2,2.00e-2,
1.275000e-2,2.00e-2,
1.275100e-2,2.00e-2,
1.275200e-2,2.00e-2,
1.275300e-2,2.00e-2,
1.275400e-2,2.00e-2,
1.275500e-2,2.00e-2,
1.275600e-2,2.00e-2,
1.275700e-2,2.00e-2,
1.275800e-2,2.00e-2,
1.275900e-2,2.00e-2,
1.276000e-2,2.00e-2,
1.276100e-2,4.00e-2,
1.276200e-2,4.00e-2,
1.276300e-2,0.00e+0,
1.276400e-2,0.00e+0,
1.276500e-2,4.00e-2,
1.276600e-2,4.00e-2,
1.276700e-2,2.00e-2,
1.276800e-2,2.00e-2,
1.276900e-2,4.00e-2,
1.277000e-2,4.00e-2,
1.277100e-2,2.00e-2,
1.277200e-2,2.00e-2,
1.277300e-2,2.00e-2,
1.277400e-2,2.00e-2,
1.277500e-2,2.00e-2,
1.277600e-2,2.00e-2,
1.277700e-2,0.00e+0,
1.277800e-2,0.00e+0,
1.277900e-2,4.00e-2,
1.278000e-2,4.00e-2,
1.278100e-2,2.00e-2,
1.278200e-2,2.00e-2,
1.278300e-2,2.00e-2,
1.278400e-2,2.00e-2,
1.278500e-2,2.00e-2,
1.278600e-2,2.00e-2,
1.278700e-2,2.00e-2,
1.278800e-2,2.00e-2,
1.278900e-2,2.00e-2,
1.279000e-2,2.00e-2,
1.279100e-2,4.00e-2,
1.279200e-2,4.00e-2,
1.279300e-2,0.00e+0,
1.279400e-2,0.00e+0,
1.279500e-2,2.00e-2,
1.279600e-2,2.00e-2,
1.279700e-2,4.00e-2,
1.279800e-2,4.00e-2,
1.279900e-2,4.00e-2,
1.280000e-2,4.00e-2,
1.280100e-2,4.00e-2,
1.280200e-2,4.00e-2,
1.280300e-2,2.00e-2,
1.280400e-2,2.00e-2,
1.280500e-2,2.00e-2,
1.280600e-2,2.00e-2,
1.280700e-2,2.00e-2,
1.280800e-2,2.00e-2,
1.280900e-2,2.00e-2,
1.281000e-2,2.00e-2,
1.281100e-2,2.00e-2,
1.281200e-2,2.00e-2,
1.281300e-2,2.00e-2,
1.281400e-2,2.00e-2,
1.281500e-2,2.00e-2,
1.281600e-2,2.00e-2,
1.281700e-2,4.00e-2,
1.281800e-2,4.00e-2,
1.281900e-2,2.00e-2,
1.282000e-2,2.00e-2,
1.282100e-2,4.00e-2,
1.282200e-2,4.00e-2,
1.282300e-2,4.00e-2,
1.282400e-2,4.00e-2,
1.282500e-2,4.00e-2,
1.282600e-2,4.00e-2,
1.282700e-2,2.00e-2,
1.282800e-2,2.00e-2,
1.282900e-2,2.00e-2,
1.283000e-2,2.00e-2,
1.283100e-2,4.00e-2,
1.283200e-2,4.00e-2,
1.283300e-2,4.00e-2,
1.283400e-2,4.00e-2,
1.283500e-2,4.00e-2,
1.283600e-2,4.00e-2,
1.283700e-2,4.00e-2,
1.283800e-2,4.00e-2,
1.283900e-2,2.00e-2,
1.284000e-2,2.00e-2,
1.284100e-2,0.00e+0,
1.284200e-2,0.00e+0,
1.284300e-2,4.00e-2,
1.284400e-2,4.00e-2,
1.284500e-2,4.00e-2,
1.284600e-2,4.00e-2,
1.284700e-2,4.00e-2,
1.284800e-2,4.00e-2,
1.284900e-2,2.00e-2,
1.285000e-2,2.00e-2,
1.285100e-2,4.00e-2,
1.285200e-2,4.00e-2,
1.285300e-2,4.00e-2,
1.285400e-2,4.00e-2,
1.285500e-2,4.00e-2,
1.285600e-2,4.00e-2,
1.285700e-2,6.00e-2,
1.285800e-2,6.00e-2,
1.285900e-2,4.00e-2,
1.286000e-2,4.00e-2,
1.286100e-2,6.00e-2,
1.286200e-2,6.00e-2,
1.286300e-2,8.00e-2,
1.286400e-2,8.00e-2,
1.286500e-2,1.20e-1,
1.286600e-2,1.20e-1,
1.286700e-2,1.60e-1,
1.286800e-2,1.60e-1,
1.286900e-2,2.00e-1,
1.287000e-2,2.00e-1,
1.287100e-2,2.60e-1,
1.287200e-2,2.60e-1,
1.287300e-2,3.20e-1,
1.287400e-2,3.20e-1,
1.287500e-2,3.80e-1,
1.287600e-2,3.80e-1,
1.287700e-2,5.00e-1,
1.287800e-2,5.00e-1,
1.287900e-2,5.80e-1,
1.288000e-2,5.80e-1,
1.288100e-2,6.80e-1,
1.288200e-2,6.80e-1,
1.288300e-2,8.60e-1,
1.288400e-2,8.60e-1,
1.288500e-2,1.06e+0,
1.288600e-2,1.06e+0,
1.288700e-2,1.24e+0,
1.288800e-2,1.24e+0,
1.288900e-2,1.34e+0,
1.289000e-2,1.34e+0,
1.289100e-2,1.54e+0,
1.289200e-2,1.54e+0,
1.289300e-2,1.62e+0,
1.289400e-2,1.84e+0,
1.289500e-2,1.84e+0,
1.289600e-2,2.08e+0,
1.289700e-2,2.08e+0,
1.289800e-2,2.08e+0,
1.289900e-2,2.18e+0,
1.290000e-2,2.42e+0,
1.290100e-2,2.44e+0,
1.290200e-2,2.68e+0,
1.290300e-2,2.64e+0,
1.290400e-2,2.64e+0,
1.290500e-2,2.74e+0,
1.290600e-2,2.74e+0,
1.290700e-2,2.76e+0,
1.290800e-2,2.76e+0,
1.290900e-2,2.62e+0,
1.291000e-2,2.62e+0,
1.291100e-2,2.44e+0,
1.291200e-2,2.20e+0,
1.291300e-2,2.22e+0,
1.291400e-2,2.22e+0,
1.291500e-2,2.06e+0,
1.291600e-2,2.06e+0,
1.291700e-2,1.90e+0,
1.291800e-2,1.58e+0,
1.291900e-2,1.58e+0,
1.292000e-2,1.30e+0,
1.292100e-2,1.30e+0,
1.292200e-2,1.04e+0,
1.292300e-2,1.06e+0,
1.292400e-2,8.20e-1,
1.292500e-2,8.40e-1,
1.292600e-2,6.20e-1,
1.292700e-2,6.40e-1,
1.292800e-2,6.40e-1,
1.292900e-2,5.00e-1,
1.293000e-2,5.00e-1,
1.293100e-2,4.00e-1,
1.293200e-2,4.00e-1,
1.293300e-2,3.00e-1,
1.293400e-2,3.00e-1,
1.293500e-2,2.20e-1,
1.293600e-2,2.20e-1,
1.293700e-2,2.00e-1,
1.293800e-2,2.00e-1,
1.293900e-2,1.80e-1,
1.294000e-2,1.80e-1,
1.294100e-2,1.60e-1,
1.294200e-2,1.60e-1,
1.294300e-2,1.20e-1,
1.294400e-2,1.20e-1,
1.294500e-2,1.00e-1,
1.294600e-2,1.00e-1,
1.294700e-2,8.00e-2,
1.294800e-2,8.00e-2,
1.294900e-2,6.00e-2,
1.295000e-2,6.00e-2,
1.295100e-2,6.00e-2,
1.295200e-2,6.00e-2,
1.295300e-2,4.00e-2,
1.295400e-2,4.00e-2,
1.295500e-2,4.00e-2,
1.295600e-2,4.00e-2,
1.295700e-2,2.00e-2,
1.295800e-2,2.00e-2,
1.295900e-2,4.00e-2,
1.296000e-2,4.00e-2,
1.296100e-2,2.00e-2,
1.296200e-2,2.00e-2,
1.296300e-2,4.00e-2,
1.296400e-2,4.00e-2,
1.296500e-2,2.00e-2,
1.296600e-2,2.00e-2,
1.296700e-2,2.00e-2,
1.296800e-2,2.00e-2,
1.296900e-2,4.00e-2,
1.297000e-2,4.00e-2,
1.297100e-2,4.00e-2,
1.297200e-2,4.00e-2,
1.297300e-2,4.00e-2,
1.297400e-2,4.00e-2,
1.297500e-2,2.00e-2,
1.297600e-2,2.00e-2,
1.297700e-2,2.00e-2,
1.297800e-2,2.00e-2,
1.297900e-2,4.00e-2,
1.298000e-2,4.00e-2,
1.298100e-2,2.00e-2,
1.298200e-2,2.00e-2,
1.298300e-2,2.00e-2,
1.298400e-2,2.00e-2,
1.298500e-2,4.00e-2,
1.298600e-2,4.00e-2,
1.298700e-2,4.00e-2,
1.298800e-2,4.00e-2,
1.298900e-2,2.00e-2,
1.299000e-2,2.00e-2,
1.299100e-2,2.00e-2,
1.299200e-2,2.00e-2,
1.299300e-2,2.00e-2,
1.299400e-2,2.00e-2,
1.299500e-2,2.00e-2,
1.299600e-2,2.00e-2,
1.299700e-2,2.00e-2,
1.299800e-2,2.00e-2,
1.299900e-2,2.00e-2,
1.300000e-2,2.00e-2,
1.300100e-2,4.00e-2,
1.300200e-2,4.00e-2,
1.300300e-2,0.00e+0,
1.300400e-2,0.00e+0,
1.300500e-2,4.00e-2,
1.300600e-2,4.00e-2,
1.300700e-2,4.00e-2,
1.300800e-2,4.00e-2,
1.300900e-2,4.00e-2,
1.301000e-2,4.00e-2,
1.301100e-2,2.00e-2,
1.301200e-2,2.00e-2,
1.301300e-2,4.00e-2,
1.301400e-2,4.00e-2,
1.301500e-2,2.00e-2,
1.301600e-2,2.00e-2,
1.301700e-2,2.00e-2,
1.301800e-2,2.00e-2,
1.301900e-2,2.00e-2,
1.302000e-2,2.00e-2,
1.302100e-2,0.00e+0,
1.302200e-2,0.00e+0,
1.302300e-2,2.00e-2,
1.302400e-2,2.00e-2,
1.302500e-2,2.00e-2,
1.302600e-2,2.00e-2,
1.302700e-2,2.00e-2,
1.302800e-2,2.00e-2,
1.302900e-2,2.00e-2,
1.303000e-2,2.00e-2,
1.303100e-2,2.00e-2,
1.303200e-2,2.00e-2,
1.303300e-2,2.00e-2,
1.303400e-2,2.00e-2,
1.303500e-2,4.00e-2,
1.303600e-2,4.00e-2,
1.303700e-2,2.00e-2,
1.303800e-2,2.00e-2,
1.303900e-2,2.00e-2,
1.304000e-2,2.00e-2,
1.304100e-2,2.00e-2,
1.304200e-2,2.00e-2,
1.304300e-2,2.00e-2,
1.304400e-2,2.00e-2,
1.304500e-2,2.00e-2,
1.304600e-2,2.00e-2,
1.304700e-2,2.00e-2,
1.304800e-2,2.00e-2,
1.304900e-2,2.00e-2,
1.305000e-2,2.00e-2,
1.305100e-2,2.00e-2,
1.305200e-2,2.00e-2,
1.305300e-2,2.00e-2,
1.305400e-2,2.00e-2,
1.305500e-2,2.00e-2,
1.305600e-2,2.00e-2,
1.305700e-2,2.00e-2,
1.305800e-2,2.00e-2,
1.305900e-2,2.00e-2,
1.306000e-2,2.00e-2,
1.306100e-2,2.00e-2,
1.306200e-2,2.00e-2,
1.306300e-2,4.00e-2,
1.306400e-2,4.00e-2,
1.306500e-2,4.00e-2,
1.306600e-2,4.00e-2,
1.306700e-2,2.00e-2,
1.306800e-2,2.00e-2,
1.306900e-2,2.00e-2,
1.307000e-2,2.00e-2,
1.307100e-2,4.00e-2,
1.307200e-2,4.00e-2,
1.307300e-2,0.00e+0,
1.307400e-2,0.00e+0,
1.307500e-2,2.00e-2,
1.307600e-2,2.00e-2,
1.307700e-2,4.00e-2,
1.307800e-2,4.00e-2,
1.307900e-2,2.00e-2,
1.308000e-2,2.00e-2,
1.308100e-2,2.00e-2,
1.308200e-2,2.00e-2,
1.308300e-2,2.00e-2,
1.308400e-2,2.00e-2,
1.308500e-2,0.00e+0,
1.308600e-2,0.00e+0,
1.308700e-2,2.00e-2,
1.308800e-2,2.00e-2,
1.308900e-2,0.00e+0,
1.309000e-2,0.00e+0,
1.309100e-2,4.00e-2,
1.309200e-2,4.00e-2,
1.309300e-2,2.00e-2,
1.309400e-2,2.00e-2,
1.309500e-2,2.00e-2,
1.309600e-2,2.00e-2,
1.309700e-2,4.00e-2,
1.309800e-2,4.00e-2,
1.309900e-2,2.00e-2,
1.310000e-2,2.00e-2,
1.310100e-2,4.00e-2,
1.310200e-2,4.00e-2,
1.310300e-2,2.00e-2,
1.310400e-2,2.00e-2,
1.310500e-2,2.00e-2,
1.310600e-2,2.00e-2,
1.310700e-2,2.00e-2,
1.310800e-2,2.00e-2,
1.310900e-2,2.00e-2,
1.311000e-2,2.00e-2,
1.311100e-2,4.00e-2,
1.311200e-2,4.00e-2,
1.311300e-2,4.00e-2,
1.311400e-2,4.00e-2,
1.311500e-2,4.00e-2,
1.311600e-2,4.00e-2,
1.311700e-2,2.00e-2,
1.311800e-2,2.00e-2,
1.311900e-2,2.00e-2,
1.312000e-2,2.00e-2,
1.312100e-2,2.00e-2,
1.312200e-2,2.00e-2,
1.312300e-2,2.00e-2,
1.312400e-2,2.00e-2,
1.312500e-2,4.00e-2,
1.312600e-2,4.00e-2,
1.312700e-2,2.00e-2,
1.312800e-2,2.00e-2,
1.312900e-2,2.00e-2,
1.313000e-2,2.00e-2,
1.313100e-2,2.00e-2,
1.313200e-2,2.00e-2,
1.313300e-2,4.00e-2,
1.313400e-2,4.00e-2,
1.313500e-2,2.00e-2,
1.313600e-2,2.00e-2,
1.313700e-2,2.00e-2,
1.313800e-2,2.00e-2,
1.313900e-2,2.00e-2,
1.314000e-2,2.00e-2,
1.314100e-2,2.00e-2,
1.314200e-2,2.00e-2,
1.314300e-2,4.00e-2,
1.314400e-2,4.00e-2,
1.314500e-2,4.00e-2,
1.314600e-2,4.00e-2,
1.314700e-2,2.00e-2,
1.314800e-2,2.00e-2,
1.314900e-2,2.00e-2,
1.315000e-2,2.00e-2,
1.315100e-2,2.00e-2,
1.315200e-2,2.00e-2,
1.315300e-2,2.00e-2,
1.315400e-2,2.00e-2,
1.315500e-2,2.00e-2,
1.315600e-2,2.00e-2,
1.315700e-2,2.00e-2,
1.315800e-2,2.00e-2,
1.315900e-2,4.00e-2,
1.316000e-2,4.00e-2,
1.316100e-2,0.00e+0,
1.316200e-2,0.00e+0,
1.316300e-2,2.00e-2,
1.316400e-2,2.00e-2,
1.316500e-2,2.00e-2,
1.316600e-2,2.00e-2,
1.316700e-2,2.00e-2,
1.316800e-2,2.00e-2,
1.316900e-2,2.00e-2,
1.317000e-2,2.00e-2,
1.317100e-2,2.00e-2,
1.317200e-2,2.00e-2,
1.317300e-2,2.00e-2,
1.317400e-2,2.00e-2,
1.317500e-2,2.00e-2,
1.317600e-2,2.00e-2,
1.317700e-2,2.00e-2,
1.317800e-2,2.00e-2,
1.317900e-2,4.00e-2,
1.318000e-2,4.00e-2,
1.318100e-2,2.00e-2,
1.318200e-2,2.00e-2,
1.318300e-2,4.00e-2,
1.318400e-2,4.00e-2,
1.318500e-2,4.00e-2,
1.318600e-2,4.00e-2,
1.318700e-2,2.00e-2,
1.318800e-2,2.00e-2,
1.318900e-2,2.00e-2,
1.319000e-2,2.00e-2,
1.319100e-2,2.00e-2,
1.319200e-2,2.00e-2,
1.319300e-2,2.00e-2,
1.319400e-2,2.00e-2,
1.319500e-2,2.00e-2,
1.319600e-2,2.00e-2,
1.319700e-2,2.00e-2,
1.319800e-2,2.00e-2,
1.319900e-2,2.00e-2,
1.320000e-2,2.00e-2,
1.320100e-2,2.00e-2,
1.320200e-2,2.00e-2,
1.320300e-2,2.00e-2,
1.320400e-2,2.00e-2,
1.320500e-2,2.00e-2,
1.320600e-2,2.00e-2,
1.320700e-2,2.00e-2,
1.320800e-2,2.00e-2,
1.320900e-2,4.00e-2,
1.321000e-2,4.00e-2,
1.321100e-2,2.00e-2,
1.321200e-2,2.00e-2,
1.321300e-2,4.00e-2,
1.321400e-2,4.00e-2,
1.321500e-2,2.00e-2,
1.321600e-2,2.00e-2,
1.321700e-2,0.00e+0,
1.321800e-2,0.00e+0,
1.321900e-2,4.00e-2,
1.322000e-2,4.00e-2,
1.322100e-2,2.00e-2,
1.322200e-2,2.00e-2,
1.322300e-2,2.00e-2,
1.322400e-2,2.00e-2,
1.322500e-2,2.00e-2,
1.322600e-2,2.00e-2,
1.322700e-2,2.00e-2,
1.322800e-2,2.00e-2,
1.322900e-2,2.00e-2,
1.323000e-2,2.00e-2,
1.323100e-2,0.00e+0,
1.323200e-2,0.00e+0,
1.323300e-2,2.00e-2,
1.323400e-2,2.00e-2,
1.323500e-2,4.00e-2,
1.323600e-2,4.00e-2,
1.323700e-2,2.00e-2,
1.323800e-2,2.00e-2,
1.323900e-2,4.00e-2,
1.324000e-2,4.00e-2,
1.324100e-2,2.00e-2,
1.324200e-2,2.00e-2,
1.324300e-2,4.00e-2,
1.324400e-2,4.00e-2,
1.324500e-2,2.00e-2,
1.324600e-2,2.00e-2,
1.324700e-2,2.00e-2,
1.324800e-2,2.00e-2,
1.324900e-2,2.00e-2,
1.325000e-2,2.00e-2,
1.325100e-2,0.00e+0,
1.325200e-2,0.00e+0,
1.325300e-2,2.00e-2,
1.325400e-2,2.00e-2,
1.325500e-2,4.00e-2,
1.325600e-2,4.00e-2,
1.325700e-2,0.00e+0,
1.325800e-2,0.00e+0,
1.325900e-2,2.00e-2,
1.326000e-2,2.00e-2,
1.326100e-2,2.00e-2,
1.326200e-2,2.00e-2,
1.326300e-2,0.00e+0,
1.326400e-2,0.00e+0,
1.326500e-2,4.00e-2,
1.326600e-2,4.00e-2,
1.326700e-2,4.00e-2,
1.326800e-2,4.00e-2,
1.326900e-2,2.00e-2,
1.327000e-2,2.00e-2,
1.327100e-2,4.00e-2,
1.327200e-2,4.00e-2,
1.327300e-2,2.00e-2,
1.327400e-2,2.00e-2,
1.327500e-2,4.00e-2,
1.327600e-2,4.00e-2,
1.327700e-2,4.00e-2,
1.327800e-2,4.00e-2,
1.327900e-2,2.00e-2,
1.328000e-2,2.00e-2,
1.328100e-2,2.00e-2,
1.328200e-2,2.00e-2,
1.328300e-2,4.00e-2,
1.328400e-2,4.00e-2,
1.328500e-2,4.00e-2,
1.328600e-2,4.00e-2,
1.328700e-2,2.00e-2,
1.328800e-2,2.00e-2,
1.328900e-2,4.00e-2,
1.329000e-2,4.00e-2,
1.329100e-2,4.00e-2,
1.329200e-2,4.00e-2,
1.329300e-2,2.00e-2,
1.329400e-2,2.00e-2,
1.329500e-2,2.00e-2,
1.329600e-2,2.00e-2,
1.329700e-2,2.00e-2,
1.329800e-2,2.00e-2,
1.329900e-2,2.00e-2,
1.330000e-2,2.00e-2,
1.330100e-2,4.00e-2,
1.330200e-2,4.00e-2,
1.330300e-2,2.00e-2,
1.330400e-2,2.00e-2,
1.330500e-2,2.00e-2,
1.330600e-2,2.00e-2,
1.330700e-2,4.00e-2,
1.330800e-2,4.00e-2,
1.330900e-2,2.00e-2,
1.331000e-2,2.00e-2,
1.331100e-2,2.00e-2,
1.331200e-2,2.00e-2,
1.331300e-2,0.00e+0,
1.331400e-2,0.00e+0,
1.331500e-2,2.00e-2,
1.331600e-2,2.00e-2,
1.331700e-2,4.00e-2,
1.331800e-2,4.00e-2,
1.331900e-2,4.00e-2,
1.332000e-2,4.00e-2,
1.332100e-2,4.00e-2,
1.332200e-2,4.00e-2,
1.332300e-2,2.00e-2,
1.332400e-2,2.00e-2,
1.332500e-2,2.00e-2,
1.332600e-2,2.00e-2,
1.332700e-2,2.00e-2,
1.332800e-2,2.00e-2,
1.332900e-2,2.00e-2,
1.333000e-2,2.00e-2,
1.333100e-2,4.00e-2,
1.333200e-2,4.00e-2,
1.333300e-2,2.00e-2,
1.333400e-2,2.00e-2,
1.333500e-2,2.00e-2,
1.333600e-2,2.00e-2,
1.333700e-2,2.00e-2,
1.333800e-2,2.00e-2,
1.333900e-2,2.00e-2,
1.334000e-2,2.00e-2,
1.334100e-2,4.00e-2,
1.334200e-2,4.00e-2,
1.334300e-2,2.00e-2,
1.334400e-2,2.00e-2,
1.334500e-2,2.00e-2,
1.334600e-2,2.00e-2,
1.334700e-2,2.00e-2,
1.334800e-2,2.00e-2,
1.334900e-2,2.00e-2,
1.335000e-2,2.00e-2,
1.335100e-2,0.00e+0,
1.335200e-2,0.00e+0,
1.335300e-2,2.00e-2,
1.335400e-2,2.00e-2,
1.335500e-2,2.00e-2,
1.335600e-2,2.00e-2,
1.335700e-2,4.00e-2,
1.335800e-2,4.00e-2,
1.335900e-2,4.00e-2,
1.336000e-2,4.00e-2,
1.336100e-2,2.00e-2,
1.336200e-2,2.00e-2,
1.336300e-2,2.00e-2,
1.336400e-2,2.00e-2,
1.336500e-2,2.00e-2,
1.336600e-2,2.00e-2,
1.336700e-2,4.00e-2,
1.336800e-2,4.00e-2,
1.336900e-2,2.00e-2,
1.337000e-2,2.00e-2,
1.337100e-2,2.00e-2,
1.337200e-2,2.00e-2,
1.337300e-2,2.00e-2,
1.337400e-2,2.00e-2,
1.337500e-2,2.00e-2,
1.337600e-2,2.00e-2,
1.337700e-2,0.00e+0,
1.337800e-2,0.00e+0,
1.337900e-2,2.00e-2,
1.338000e-2,2.00e-2,
1.338100e-2,0.00e+0,
1.338200e-2,0.00e+0,
1.338300e-2,4.00e-2,
1.338400e-2,4.00e-2,
1.338500e-2,2.00e-2,
1.338600e-2,2.00e-2,
1.338700e-2,2.00e-2,
1.338800e-2,2.00e-2,
1.338900e-2,2.00e-2,
1.339000e-2,2.00e-2,
1.339100e-2,4.00e-2,
1.339200e-2,4.00e-2,
1.339300e-2,2.00e-2,
1.339400e-2,2.00e-2,
1.339500e-2,4.00e-2,
1.339600e-2,4.00e-2,
1.339700e-2,2.00e-2,
1.339800e-2,2.00e-2,
1.339900e-2,2.00e-2,
1.340000e-2,2.00e-2,
1.340100e-2,2.00e-2,
1.340200e-2,2.00e-2,
1.340300e-2,2.00e-2,
1.340400e-2,2.00e-2,
1.340500e-2,4.00e-2,
1.340600e-2,4.00e-2,
1.340700e-2,2.00e-2,
1.340800e-2,2.00e-2,
1.340900e-2,4.00e-2,
1.341000e-2,4.00e-2,
1.341100e-2,2.00e-2,
1.341200e-2,2.00e-2,
1.341300e-2,0.00e+0,
1.341400e-2,0.00e+0,
1.341500e-2,2.00e-2,
1.341600e-2,2.00e-2,
1.341700e-2,2.00e-2,
1.341800e-2,2.00e-2,
1.341900e-2,4.00e-2,
1.342000e-2,4.00e-2,
1.342100e-2,2.00e-2,
1.342200e-2,2.00e-2,
1.342300e-2,2.00e-2,
1.342400e-2,2.00e-2,
1.342500e-2,2.00e-2,
1.342600e-2,2.00e-2,
1.342700e-2,4.00e-2,
1.342800e-2,4.00e-2,
1.342900e-2,2.00e-2,
1.343000e-2,2.00e-2,
1.343100e-2,2.00e-2,
1.343200e-2,2.00e-2,
1.343300e-2,2.00e-2,
1.343400e-2,2.00e-2,
1.343500e-2,2.00e-2,
1.343600e-2,2.00e-2,
1.343700e-2,2.00e-2,
1.343800e-2,2.00e-2,
1.343900e-2,2.00e-2,
1.344000e-2,2.00e-2,
1.344100e-2,2.00e-2,
1.344200e-2,2.00e-2,
1.344300e-2,2.00e-2,
1.344400e-2,2.00e-2,
1.344500e-2,2.00e-2,
1.344600e-2,2.00e-2,
1.344700e-2,4.00e-2,
1.344800e-2,4.00e-2,
1.344900e-2,2.00e-2,
1.345000e-2,2.00e-2,
1.345100e-2,2.00e-2,
1.345200e-2,2.00e-2,
1.345300e-2,2.00e-2,
1.345400e-2,2.00e-2,
1.345500e-2,2.00e-2,
1.345600e-2,2.00e-2,
1.345700e-2,2.00e-2,
1.345800e-2,2.00e-2,
1.345900e-2,2.00e-2,
1.346000e-2,2.00e-2,
1.346100e-2,4.00e-2,
1.346200e-2,4.00e-2,
1.346300e-2,2.00e-2,
1.346400e-2,2.00e-2,
1.346500e-2,4.00e-2,
1.346600e-2,4.00e-2,
1.346700e-2,2.00e-2,
1.346800e-2,2.00e-2,
1.346900e-2,2.00e-2,
1.347000e-2,2.00e-2,
1.347100e-2,2.00e-2,
1.347200e-2,2.00e-2,
1.347300e-2,4.00e-2,
1.347400e-2,4.00e-2,
1.347500e-2,4.00e-2,
1.347600e-2,4.00e-2,
1.347700e-2,2.00e-2,
1.347800e-2,2.00e-2,
1.347900e-2,2.00e-2,
1.348000e-2,2.00e-2,
1.348100e-2,0.00e+0,
1.348200e-2,0.00e+0,
1.348300e-2,4.00e-2,
1.348400e-2,4.00e-2,
1.348500e-2,2.00e-2,
1.348600e-2,2.00e-2,
1.348700e-2,2.00e-2,
1.348800e-2,2.00e-2,
1.348900e-2,0.00e+0,
1.349000e-2,0.00e+0,
1.349100e-2,4.00e-2,
1.349200e-2,4.00e-2,
1.349300e-2,2.00e-2,
1.349400e-2,2.00e-2,
1.349500e-2,4.00e-2,
1.349600e-2,4.00e-2,
1.349700e-2,2.00e-2,
1.349800e-2,2.00e-2,
1.349900e-2,4.00e-2,
1.350000e-2,4.00e-2,
1.350100e-2,2.00e-2,
1.350200e-2,2.00e-2,
1.350300e-2,2.00e-2,
1.350400e-2,2.00e-2,
1.350500e-2,2.00e-2,
1.350600e-2,2.00e-2,
1.350700e-2,0.00e+0,
1.350800e-2,0.00e+0,
1.350900e-2,2.00e-2,
1.351000e-2,2.00e-2,
1.351100e-2,2.00e-2,
1.351200e-2,2.00e-2,
1.351300e-2,2.00e-2,
1.351400e-2,2.00e-2,
1.351500e-2,2.00e-2,
1.351600e-2,2.00e-2,
1.351700e-2,2.00e-2,
1.351800e-2,2.00e-2,
1.351900e-2,2.00e-2,
1.352000e-2,2.00e-2,
1.352100e-2,2.00e-2,
1.352200e-2,2.00e-2,
1.352300e-2,2.00e-2,
1.352400e-2,2.00e-2,
1.352500e-2,2.00e-2,
1.352600e-2,2.00e-2,
1.352700e-2,2.00e-2,
1.352800e-2,2.00e-2,
1.352900e-2,0.00e+0,
1.353000e-2,0.00e+0,
1.353100e-2,2.00e-2,
1.353200e-2,2.00e-2,
1.353300e-2,4.00e-2,
1.353400e-2,4.00e-2,
1.353500e-2,2.00e-2,
1.353600e-2,2.00e-2,
1.353700e-2,2.00e-2,
1.353800e-2,2.00e-2,
1.353900e-2,2.00e-2,
1.354000e-2,2.00e-2,
1.354100e-2,2.00e-2,
1.354200e-2,2.00e-2,
1.354300e-2,2.00e-2,
1.354400e-2,2.00e-2,
1.354500e-2,2.00e-2,
1.354600e-2,2.00e-2,
1.354700e-2,2.00e-2,
1.354800e-2,2.00e-2,
1.354900e-2,2.00e-2,
1.355000e-2,2.00e-2,
1.355100e-2,2.00e-2,
1.355200e-2,2.00e-2,
1.355300e-2,2.00e-2,
1.355400e-2,2.00e-2,
1.355500e-2,4.00e-2,
1.355600e-2,4.00e-2,
1.355700e-2,2.00e-2,
1.355800e-2,2.00e-2,
1.355900e-2,4.00e-2,
1.356000e-2,4.00e-2,
1.356100e-2,2.00e-2,
1.356200e-2,2.00e-2,
1.356300e-2,2.00e-2,
1.356400e-2,2.00e-2,
1.356500e-2,2.00e-2,
1.356600e-2,2.00e-2,
1.356700e-2,2.00e-2,
1.356800e-2,2.00e-2,
1.356900e-2,4.00e-2,
1.357000e-2,4.00e-2,
1.357100e-2,0.00e+0,
1.357200e-2,0.00e+0,
1.357300e-2,2.00e-2,
1.357400e-2,2.00e-2,
1.357500e-2,4.00e-2,
1.357600e-2,4.00e-2,
1.357700e-2,2.00e-2,
1.357800e-2,2.00e-2,
1.357900e-2,2.00e-2,
1.358000e-2,2.00e-2,
1.358100e-2,2.00e-2,
1.358200e-2,2.00e-2,
1.358300e-2,2.00e-2,
1.358400e-2,2.00e-2,
1.358500e-2,2.00e-2,
1.358600e-2,2.00e-2,
1.358700e-2,2.00e-2,
1.358800e-2,2.00e-2,
1.358900e-2,2.00e-2,
1.359000e-2,2.00e-2,
1.359100e-2,0.00e+0,
1.359200e-2,0.00e+0,
1.359300e-2,2.00e-2,
1.359400e-2,2.00e-2,
1.359500e-2,0.00e+0,
1.359600e-2,0.00e+0,
1.359700e-2,2.00e-2,
1.359800e-2,2.00e-2,
1.359900e-2,2.00e-2,
1.360000e-2,2.00e-2,
1.360100e-2,4.00e-2,
1.360200e-2,4.00e-2,
1.360300e-2,2.00e-2,
1.360400e-2,2.00e-2,
1.360500e-2,2.00e-2,
1.360600e-2,2.00e-2,
1.360700e-2,2.00e-2,
1.360800e-2,2.00e-2,
1.360900e-2,2.00e-2,
1.361000e-2,2.00e-2,
1.361100e-2,2.00e-2,
1.361200e-2,2.00e-2,
1.361300e-2,0.00e+0,
1.361400e-2,0.00e+0,
1.361500e-2,2.00e-2,
1.361600e-2,2.00e-2,
1.361700e-2,2.00e-2,
1.361800e-2,2.00e-2,
1.361900e-2,4.00e-2,
1.362000e-2,4.00e-2,
1.362100e-2,0.00e+0,
1.362200e-2,0.00e+0,
1.362300e-2,0.00e+0,
1.362400e-2,0.00e+0,
1.362500e-2,2.00e-2,
1.362600e-2,2.00e-2,
1.362700e-2,2.00e-2,
1.362800e-2,2.00e-2,
1.362900e-2,2.00e-2,
1.363000e-2,2.00e-2,
1.363100e-2,2.00e-2,
1.363200e-2,2.00e-2,
1.363300e-2,2.00e-2,
1.363400e-2,2.00e-2,
1.363500e-2,2.00e-2,
1.363600e-2,2.00e-2,
1.363700e-2,2.00e-2,
1.363800e-2,2.00e-2,
1.363900e-2,4.00e-2,
1.364000e-2,4.00e-2,
1.364100e-2,2.00e-2,
1.364200e-2,2.00e-2,
1.364300e-2,2.00e-2,
1.364400e-2,2.00e-2,
1.364500e-2,2.00e-2,
1.364600e-2,2.00e-2,
1.364700e-2,0.00e+0,
1.364800e-2,0.00e+0,
1.364900e-2,0.00e+0,
1.365000e-2,0.00e+0,
1.365100e-2,0.00e+0,
1.365200e-2,0.00e+0,
1.365300e-2,2.00e-2,
1.365400e-2,2.00e-2,
1.365500e-2,2.00e-2,
1.365600e-2,2.00e-2,
1.365700e-2,0.00e+0,
1.365800e-2,0.00e+0,
1.365900e-2,2.00e-2,
1.366000e-2,2.00e-2,
1.366100e-2,2.00e-2,
1.366200e-2,2.00e-2,
1.366300e-2,0.00e+0,
1.366400e-2,0.00e+0,
1.366500e-2,2.00e-2,
1.366600e-2,2.00e-2,
1.366700e-2,2.00e-2,
1.366800e-2,2.00e-2,
1.366900e-2,2.00e-2,
1.367000e-2,2.00e-2,
1.367100e-2,2.00e-2,
1.367200e-2,2.00e-2,
1.367300e-2,2.00e-2,
1.367400e-2,2.00e-2,
1.367500e-2,2.00e-2,
1.367600e-2,2.00e-2,
1.367700e-2,4.00e-2,
1.367800e-2,4.00e-2,
1.367900e-2,0.00e+0,
1.368000e-2,0.00e+0,
1.368100e-2,0.00e+0,
1.368200e-2,0.00e+0,
1.368300e-2,2.00e-2,
1.368400e-2,2.00e-2,
1.368500e-2,2.00e-2,
1.368600e-2,2.00e-2,
1.368700e-2,2.00e-2,
1.368800e-2,2.00e-2,
1.368900e-2,0.00e+0,
1.369000e-2,0.00e+0,
1.369100e-2,2.00e-2,
1.369200e-2,2.00e-2,
1.369300e-2,2.00e-2,
1.369400e-2,2.00e-2,
1.369500e-2,0.00e+0,
1.369600e-2,0.00e+0,
1.369700e-2,2.00e-2,
1.369800e-2,2.00e-2,
1.369900e-2,2.00e-2,
1.370000e-2,2.00e-2,
1.370100e-2,2.00e-2,
1.370200e-2,2.00e-2,
1.370300e-2,2.00e-2,
1.370400e-2,2.00e-2,
1.370500e-2,2.00e-2,
1.370600e-2,2.00e-2,
1.370700e-2,2.00e-2,
1.370800e-2,2.00e-2,
1.370900e-2,2.00e-2,
1.371000e-2,2.00e-2,
1.371100e-2,2.00e-2,
1.371200e-2,2.00e-2,
1.371300e-2,4.00e-2,
1.371400e-2,4.00e-2,
1.371500e-2,4.00e-2,
1.371600e-2,4.00e-2,
1.371700e-2,0.00e+0,
1.371800e-2,0.00e+0,
1.371900e-2,0.00e+0,
1.372000e-2,0.00e+0,
1.372100e-2,2.00e-2,
1.372200e-2,2.00e-2,
1.372300e-2,4.00e-2,
1.372400e-2,4.00e-2,
1.372500e-2,2.00e-2,
1.372600e-2,2.00e-2,
1.372700e-2,2.00e-2,
1.372800e-2,2.00e-2,
1.372900e-2,2.00e-2,
1.373000e-2,2.00e-2,
1.373100e-2,4.00e-2,
1.373200e-2,4.00e-2,
1.373300e-2,0.00e+0,
1.373400e-2,0.00e+0,
1.373500e-2,2.00e-2,
1.373600e-2,2.00e-2,
1.373700e-2,2.00e-2,
1.373800e-2,2.00e-2,
1.373900e-2,2.00e-2,
1.374000e-2,2.00e-2,
1.374100e-2,2.00e-2,
1.374200e-2,2.00e-2,
1.374300e-2,2.00e-2,
1.374400e-2,2.00e-2,
1.374500e-2,2.00e-2,
1.374600e-2,2.00e-2,
1.374700e-2,0.00e+0,
1.374800e-2,0.00e+0,
1.374900e-2,2.00e-2,
1.375000e-2,2.00e-2,
1.375100e-2,2.00e-2,
1.375200e-2,2.00e-2,
1.375300e-2,2.00e-2,
1.375400e-2,2.00e-2,
1.375500e-2,2.00e-2,
1.375600e-2,2.00e-2,
1.375700e-2,2.00e-2,
1.375800e-2,2.00e-2,
1.375900e-2,2.00e-2,
1.376000e-2,2.00e-2,
1.376100e-2,0.00e+0,
1.376200e-2,0.00e+0,
1.376300e-2,2.00e-2,
1.376400e-2,2.00e-2,
1.376500e-2,2.00e-2,
1.376600e-2,2.00e-2,
1.376700e-2,2.00e-2,
1.376800e-2,2.00e-2,
1.376900e-2,0.00e+0,
1.377000e-2,0.00e+0,
1.377100e-2,4.00e-2,
1.377200e-2,4.00e-2,
1.377300e-2,2.00e-2,
1.377400e-2,2.00e-2,
1.377500e-2,2.00e-2,
1.377600e-2,2.00e-2,
1.377700e-2,2.00e-2,
1.377800e-2,2.00e-2,
1.377900e-2,2.00e-2,
1.378000e-2,2.00e-2,
1.378100e-2,0.00e+0,
1.378200e-2,0.00e+0,
1.378300e-2,4.00e-2,
1.378400e-2,4.00e-2,
1.378500e-2,2.00e-2,
1.378600e-2,2.00e-2,
1.378700e-2,2.00e-2,
1.378800e-2,2.00e-2,
1.378900e-2,2.00e-2,
1.379000e-2,2.00e-2,
1.379100e-2,0.00e+0,
1.379200e-2,0.00e+0,
1.379300e-2,4.00e-2,
1.379400e-2,4.00e-2,
1.379500e-2,0.00e+0,
1.379600e-2,0.00e+0,
1.379700e-2,0.00e+0,
1.379800e-2,0.00e+0,
1.379900e-2,2.00e-2,
1.380000e-2,2.00e-2,
1.380100e-2,2.00e-2,
1.380200e-2,2.00e-2,
1.380300e-2,0.00e+0,
1.380400e-2,0.00e+0,
1.380500e-2,4.00e-2,
1.380600e-2,4.00e-2,
1.380700e-2,2.00e-2,
1.380800e-2,2.00e-2,
1.380900e-2,2.00e-2,
1.381000e-2,2.00e-2,
1.381100e-2,2.00e-2,
1.381200e-2,2.00e-2,
1.381300e-2,2.00e-2,
1.381400e-2,2.00e-2,
1.381500e-2,0.00e+0,
1.381600e-2,0.00e+0,
1.381700e-2,0.00e+0,
1.381800e-2,0.00e+0,
1.381900e-2,2.00e-2,
1.382000e-2,2.00e-2,
1.382100e-2,2.00e-2,
1.382200e-2,2.00e-2,
1.382300e-2,2.00e-2,
1.382400e-2,2.00e-2,
1.382500e-2,2.00e-2,
1.382600e-2,2.00e-2,
1.382700e-2,2.00e-2,
1.382800e-2,2.00e-2,
1.382900e-2,2.00e-2,
1.383000e-2,2.00e-2,
1.383100e-2,2.00e-2,
1.383200e-2,2.00e-2,
1.383300e-2,4.00e-2,
1.383400e-2,4.00e-2,
1.383500e-2,2.00e-2,
1.383600e-2,2.00e-2,
1.383700e-2,2.00e-2,
1.383800e-2,2.00e-2,
1.383900e-2,2.00e-2,
1.384000e-2,2.00e-2,
1.384100e-2,2.00e-2,
1.384200e-2,2.00e-2,
1.384300e-2,2.00e-2,
1.384400e-2,2.00e-2,
1.384500e-2,2.00e-2,
1.384600e-2,2.00e-2,
1.384700e-2,2.00e-2,
1.384800e-2,2.00e-2,
1.384900e-2,2.00e-2,
1.385000e-2,2.00e-2,
1.385100e-2,2.00e-2,
1.385200e-2,2.00e-2,
1.385300e-2,4.00e-2,
1.385400e-2,4.00e-2,
1.385500e-2,2.00e-2,
1.385600e-2,2.00e-2,
1.385700e-2,4.00e-2,
1.385800e-2,4.00e-2,
1.385900e-2,2.00e-2,
1.386000e-2,2.00e-2,
1.386100e-2,2.00e-2,
1.386200e-2,2.00e-2,
1.386300e-2,4.00e-2,
1.386400e-2,4.00e-2,
1.386500e-2,2.00e-2,
1.386600e-2,2.00e-2,
1.386700e-2,2.00e-2,
1.386800e-2,2.00e-2,
1.386900e-2,2.00e-2,
1.387000e-2,2.00e-2,
1.387100e-2,2.00e-2,
1.387200e-2,2.00e-2,
1.387300e-2,0.00e+0,
1.387400e-2,0.00e+0,
1.387500e-2,2.00e-2,
1.387600e-2,2.00e-2,
1.387700e-2,2.00e-2,
1.387800e-2,2.00e-2,
1.387900e-2,2.00e-2,
